,x,y,action,timestamp,trial
1,1095.4583,861.54596,down,1571810985,1
2,1095.4583,861.54596,move,1571810985,1
3,1095.2633,860.1815,move,1571810985,1
4,1096.1404,861.2536,move,1571810985,1
5,1098.3821,861.2536,move,1571810985,1
6,1101.0134,862.22815,move,1571810985,1
7,1109.4926,862.9104,move,1571810985,1
8,1117.4844,862.9104,move,1571810985,1
9,1129.6669,864.27484,move,1571810985,1
10,1138.5359,865.152,move,1571810985,1
11,1154.8118,865.0545,move,1571810985,1
12,1170.7953,865.0545,move,1571810985,1
13,1183.8551,865.24945,move,1571810985,1
14,1206.6609,865.152,move,1571810985,1
15,1218.9409,866.0291,move,1571810985,1
16,1236.094,866.90625,move,1571810985,1
17,1256.8531,867.6859,move,1571810985,1
18,1273.9087,869.05035,move,1571810986,1
19,1296.9094,870.02496,move,1571810986,1
20,1315.1346,871.29193,move,1571810986,1
21,1330.6309,872.364,move,1571810986,1
22,1359.4792,872.6564,move,1571810986,1
23,1374.5857,872.26654,move,1571810986,1
24,1396.5143,872.4615,move,1571810986,1
25,1404.2137,872.8513,move,1571810986,1
26,1415.2268,873.631,move,1571810986,1
27,1431.0154,873.8259,move,1571810986,1
28,1442.6132,873.5335,move,1571810986,1
29,1454.9907,871.68176,move,1571810986,1
30,1460.8384,870.51227,move,1571810986,1
31,1463.9572,869.3428,move,1571810986,1
32,1467.0758,868.6605,move,1571810986,1
33,1470.292,868.6605,move,1571810986,1
34,1476.3346,868.6605,move,1571810986,1
35,1478.9661,868.85547,move,1571810986,1
36,1476.0422,867.97833,move,1571810986,1
37,1476.0422,867.97833,up,1571810986,1
38,1188.8256,724.80963,down,1571810994,2
39,1186.8763,722.4706,move,1571810994,2
40,1190.2875,723.3477,move,1571810994,2
41,1193.4063,729.48773,move,1571810995,2
42,1197.1097,730.2674,move,1571810995,2
43,1203.8345,732.4115,move,1571810995,2
44,1211.4364,736.89465,move,1571810995,2
45,1217.8689,739.3312,move,1571810995,2
46,1229.1743,744.69147,move,1571810995,2
47,1236.289,747.8102,move,1571810995,2
48,1245.9375,751.02637,move,1571810995,2
49,1256.2683,755.41205,move,1571810995,2
50,1264.2601,758.2384,move,1571810995,2
51,1269.9128,761.4546,move,1571810995,2
52,1280.1462,767.3022,move,1571810995,2
53,1286.0913,771.3955,move,1571810995,2
54,1293.9856,775.87866,move,1571810995,2
55,1303.7317,781.3364,move,1571810995,2
56,1312.4058,786.9891,move,1571810995,2
57,1319.8127,791.95953,move,1571810995,2
58,1332.0928,799.8538,move,1571810995,2
59,1341.8389,806.09125,move,1571810995,2
60,1346.6144,809.69727,move,1571810995,2
61,1351.7798,813.3033,move,1571810995,2
62,1358.1147,817.3966,move,1571810995,2
63,1365.132,822.56195,move,1571810995,2
64,1370.6873,826.26544,move,1571810995,2
65,1377.8993,831.62573,move,1571810996,2
66,1381.0181,833.7699,move,1571810996,2
67,1383.8444,835.23175,move,1571810996,2
68,1387.4504,837.6683,move,1571810996,2
69,1390.7642,839.7149,move,1571810996,2
70,1393.493,841.1768,move,1571810996,2
71,1396.027,842.63873,move,1571810996,2
72,1400.9,844.58795,move,1571810996,2
73,1403.434,846.1473,move,1571810996,2
74,1404.7985,847.5117,move,1571810996,2
75,1406.3578,848.4863,move,1571810996,2
76,1406.5527,848.6812,move,1571810996,2
77,1406.9426,848.87616,move,1571810996,2
78,1407.9172,848.87616,move,1571810996,2
79,1409.2816,848.7787,move,1571810996,2
80,1409.8665,848.2914,move,1571810996,2
81,1410.2562,848.2914,move,1571810996,2
82,1410.4512,848.0965,move,1571810996,2
83,1411.0359,848.6812,move,1571810996,2
84,1411.4258,849.0711,move,1571810996,2
85,1412.2054,849.6558,move,1571810996,2
86,1412.7903,850.2406,move,1571810996,2
87,1413.375,850.43555,move,1571810996,2
88,1413.7649,850.8254,move,1571810996,2
89,1414.5446,851.2152,move,1571810997,2
90,1414.9343,851.2152,move,1571810997,2
91,1416.0065,851.60504,move,1571810997,2
92,1417.3708,852.3847,move,1571810997,2
93,1419.4176,853.9441,move,1571810997,2
94,1421.8541,856.0882,move,1571810997,2
95,1422.9261,857.0628,move,1571810997,2
96,1423.7058,857.45264,move,1571810997,2
97,1423.7058,857.6476,move,1571810997,2
98,1424.8754,858.2323,move,1571810997,2
99,1427.8966,860.279,move,1571810997,2
100,1428.3839,860.57135,move,1571810997,2
101,1428.3839,860.57135,up,1571810997,2
102,1336.9658,727.0512,down,1571811014,3
103,1337.8429,724.61475,move,1571811014,3
104,1339.4998,724.4198,move,1571811014,3
105,1339.8896,724.4198,move,1571811014,3
106,1339.2074,724.80963,move,1571811015,3
107,1335.7963,725.8817,move,1571811015,3
108,1328.2917,728.70807,move,1571811015,3
109,1313.0879,730.0725,move,1571811015,3
110,1294.2781,730.0725,move,1571811015,3
111,1266.7941,730.0725,move,1571811015,3
112,1247.497,730.0725,move,1571811015,3
113,1221.2799,729.97504,move,1571811015,3
114,1194.5757,729.0004,move,1571811015,3
115,1174.9861,728.6106,move,1571811015,3
116,1156.3711,727.3436,move,1571811015,3
117,1139.9978,726.5639,move,1571811015,3
118,1121.3828,725.8817,move,1571811015,3
119,1108.518,725.68677,move,1571811015,3
120,1095.6531,725.29694,move,1571811015,3
121,1086.2969,725.0046,move,1571811015,3
122,1080.4492,725.0046,move,1571811015,3
123,1074.2118,725.0046,move,1571811015,3
124,1071.288,725.0046,move,1571811015,3
125,1069.3387,724.9071,move,1571811015,3
126,1067.3895,724.9071,move,1571811016,3
127,1067.1946,725.10205,move,1571811016,3
128,1067.3895,724.5173,move,1571811016,3
129,1067.3895,724.5173,up,1571811016,3
130,1224.691,887.4703,down,1571811027,4
131,1223.2291,882.4024,move,1571811027,4
132,1224.1063,882.11,move,1571811027,4
133,1226.3479,885.0338,move,1571811027,4
134,1229.6616,885.42365,move,1571811027,4
135,1231.1235,885.0338,move,1571811027,4
136,1232.5854,883.0846,move,1571811027,4
137,1237.2635,875.5802,move,1571811028,4
138,1244.6705,861.9358,move,1571811028,4
139,1252.0775,846.73206,move,1571811028,4
140,1261.1414,825.4858,move,1571811028,4
141,1267.184,812.7185,move,1571811028,4
142,1277.5148,791.0824,move,1571811028,4
143,1284.6294,778.8024,move,1571811028,4
144,1297.1044,756.38666,move,1571811028,4
145,1303.5367,743.22955,move,1571811028,4
146,1309.6768,727.83093,move,1571811028,4
147,1319.3254,704.05066,move,1571811028,4
148,1324.4908,692.1606,move,1571811028,4
149,1329.8512,681.3425,move,1571811028,4
150,1335.6989,662.24036,move,1571811028,4
151,1339.11,650.935,move,1571811028,4
152,1340.377,645.86707,move,1571811028,4
153,1341.8389,640.4093,move,1571811028,4
154,1342.8135,637.7779,move,1571811028,4
155,1344.2754,635.049,move,1571811028,4
156,1346.322,633.19727,move,1571811028,4
157,1348.9535,628.0319,move,1571811028,4
158,1349.6357,626.6675,move,1571811028,4
159,1350.2205,625.30304,move,1571811028,4
160,1350.8052,623.06146,move,1571811028,4
161,1351.1951,622.1843,move,1571811028,4
162,1351.39,620.5275,move,1571811029,4
163,1351.585,617.89606,move,1571811029,4
164,1351.585,617.1164,move,1571811029,4
165,1352.8519,616.6291,move,1571811029,4
166,1351.1951,616.33673,move,1571811029,4
167,1351.1951,616.33673,up,1571811029,4
168,1345.25,868.2707,down,1571811035,5
169,1345.25,868.2707,move,1571811035,5
170,1347.1992,868.1732,move,1571811035,5
171,1347.589,868.56305,move,1571811036,5
172,1343.6906,867.0037,move,1571811036,5
173,1336.0886,866.3215,move,1571811036,5
174,1319.4229,865.6393,move,1571811036,5
175,1307.6301,865.6393,move,1571811036,5
176,1284.1421,864.5672,move,1571811036,5
177,1264.9424,864.5672,move,1571811036,5
178,1240.6747,864.6647,move,1571811036,5
179,1222.8394,864.5672,move,1571811036,5
180,1209.4872,865.44434,move,1571811036,5
181,1187.656,866.41895,move,1571811036,5
182,1175.5709,867.0037,move,1571811036,5
183,1159.5874,868.1732,move,1571811036,5
184,1150.5236,869.2453,move,1571811036,5
185,1148.5743,869.3428,move,1571811036,5
186,1147.5022,869.9275,move,1571811036,5
187,1145.4556,875.2878,move,1571811036,5
188,1145.4556,875.2878,up,1571811036,5
189,1169.041,732.509,down,1571811045,6
190,1169.041,732.509,move,1571811045,6
191,1170.4055,730.1699,move,1571811045,6
192,1171.0876,730.94965,move,1571811045,6
193,1172.1598,731.3395,move,1571811045,6
194,1177.5201,731.14453,move,1571811045,6
195,1181.2236,730.8522,move,1571811045,6
196,1190.5798,730.7547,move,1571811045,6
197,1202.8599,731.14453,move,1571811045,6
198,1211.2415,731.53436,move,1571811045,6
199,1220.9875,731.7293,move,1571811045,6
200,1237.2635,731.63184,move,1571811045,6
201,1249.446,731.53436,move,1571811045,6
202,1260.5566,731.14453,move,1571811046,6
203,1279.1716,730.8522,move,1571811046,6
204,1291.0618,731.04706,move,1571811046,6
205,1306.8505,730.94965,move,1571811046,6
206,1325.9528,730.7547,move,1571811046,6
207,1341.0592,730.55975,move,1571811046,6
208,1351.0977,730.0725,move,1571811046,6
209,1368.8354,728.5131,move,1571811046,6
210,1376.8273,727.92834,move,1571811046,6
211,1382.0901,727.73346,move,1571811046,6
212,1386.7682,727.0512,move,1571811046,6
213,1392.0311,726.369,move,1571811046,6
214,1396.027,726.27155,move,1571811046,6
215,1404.2137,725.5893,move,1571811046,6
216,1407.6248,725.0046,move,1571811046,6
217,1408.9893,724.9071,move,1571811046,6
218,1410.3538,725.8817,move,1571811046,6
219,1410.9385,727.0512,move,1571811046,6
220,1410.9385,727.0512,up,1571811046,6
221,1202.0802,899.6528,down,1571811058,7
222,1202.0802,899.6528,move,1571811058,7
223,1201.7878,895.6569,move,1571811058,7
224,1203.6395,888.9322,move,1571811058,7
225,1204.8091,880.1608,move,1571811058,7
226,1209.3898,865.6393,move,1571811058,7
227,1213.1907,848.6812,move,1571811058,7
228,1217.674,831.62573,move,1571811058,7
229,1221.6698,814.8626,move,1571811058,7
230,1225.5682,793.1291,move,1571811059,7
231,1227.7124,776.36597,move,1571811059,7
232,1230.0514,762.81903,move,1571811059,7
233,1234.6321,735.6277,move,1571811059,7
234,1238.2382,719.7417,move,1571811059,7
235,1248.0817,687.6774,move,1571811059,7
236,1253.9293,671.30414,move,1571811059,7
237,1261.4337,649.57056,move,1571811059,7
238,1271.3748,622.4767,move,1571811059,7
239,1278.392,608.34503,move,1571811059,7
240,1284.8243,597.81934,move,1571811059,7
241,1293.9856,584.66223,move,1571811059,7
242,1297.9816,580.27655,move,1571811059,7
243,1300.7104,577.64514,move,1571811059,7
244,1298.8586,576.8654,move,1571811059,7
245,1298.8586,576.8654,up,1571811059,7
246,1332.5801,656.7826,down,1571811070,8
247,1332.5801,656.7826,move,1571811070,8
248,1331.508,657.95215,move,1571811070,8
249,1330.241,672.47363,move,1571811071,8
250,1326.5375,695.9615,move,1571811071,8
251,1321.567,735.23785,move,1571811071,8
252,1317.0839,772.75995,move,1571811071,8
253,1313.0879,801.70557,move,1571811071,8
254,1309.4819,823.9264,move,1571811071,8
255,1305.5835,837.0835,move,1571811071,8
256,1300.1256,854.3339,move,1571811071,8
257,1298.7612,860.8637,move,1571811071,8
258,1297.007,866.0291,move,1571811071,8
259,1295.1552,872.26654,move,1571811071,8
260,1294.2781,874.89795,move,1571811071,8
261,1293.5958,875.5802,move,1571811071,8
262,1297.1044,872.5589,move,1571811071,8
263,1297.1044,872.5589,up,1571811071,8
264,1231.1235,734.6531,down,1571811078,9
265,1228.3947,732.3141,move,1571811078,9
266,1227.42,731.14453,move,1571811079,9
267,1227.1276,731.3395,move,1571811079,9
268,1227.0302,731.53436,move,1571811079,9
269,1229.6616,731.53436,move,1571811079,9
270,1232.4879,731.7293,move,1571811079,9
271,1243.2086,731.7293,move,1571811079,9
272,1256.9506,732.11914,move,1571811079,9
273,1273.0316,733.09375,move,1571811079,9
274,1297.5917,733.28864,move,1571811079,9
275,1317.0839,732.4115,move,1571811079,9
276,1330.9232,731.9242,move,1571811079,9
277,1355.4834,730.36487,move,1571811079,9
278,1365.5219,729.97504,move,1571811079,9
279,1377.0221,729.97504,move,1571811079,9
280,1384.5266,729.5852,move,1571811079,9
281,1393.2007,728.0258,move,1571811079,9
282,1398.5609,727.24615,move,1571811079,9
283,1399.633,726.75885,move,1571811079,9
284,1396.7092,725.9792,move,1571811079,9
285,1396.7092,725.9792,up,1571811079,9
286,1401.2899,875.6777,down,1571811087,10
287,1401.2899,875.6777,move,1571811087,10
288,1401.6797,871.9742,move,1571811087,10
289,1400.6077,872.4615,move,1571811087,10
290,1397.8788,870.02496,move,1571811087,10
291,1391.5438,866.5164,move,1571811087,10
292,1381.1155,860.279,move,1571811087,10
293,1370.2974,854.04156,move,1571811087,10
294,1359.5767,847.70667,move,1571811087,10
295,1350.0255,841.4692,move,1571811087,10
296,1332.3851,830.94354,move,1571811087,10
297,1321.567,824.51117,move,1571811088,10
298,1308.7021,815.155,move,1571811088,10
299,1291.939,802.2903,move,1571811088,10
300,1279.3666,792.1545,move,1571811088,10
301,1271.6671,785.3323,move,1571811088,10
302,1259.1921,773.5396,move,1571811088,10
303,1250.6156,765.7428,move,1571811088,10
304,1238.6279,755.89935,move,1571811088,10
305,1226.153,745.5686,move,1571811088,10
306,1218.3562,738.5515,move,1571811088,10
307,1213.8729,734.4582,move,1571811088,10
308,1210.072,730.2674,move,1571811088,10
309,1208.6101,727.92834,move,1571811088,10
310,1207.2456,727.1487,move,1571811088,10
311,1204.6141,726.27155,move,1571811088,10
312,1200.6183,726.6614,move,1571811088,10
313,1200.6183,726.6614,up,1571811088,10
314,1321.3721,881.52527,down,1571811094,11
315,1321.3721,881.52527,move,1571811094,11
316,1320.0077,878.9913,move,1571811094,11
317,1316.7915,879.4786,move,1571811094,11
318,1303.7317,882.69476,move,1571811094,11
319,1281.7056,882.69476,move,1571811094,11
320,1263.7728,882.30493,move,1571811094,11
321,1238.2382,881.9151,move,1571811094,11
322,1210.072,882.20746,move,1571811094,11
323,1192.3341,884.25415,move,1571811094,11
324,1166.1172,885.1313,move,1571811094,11
325,1146.5276,885.3262,move,1571811094,11
326,1134.5399,885.3262,move,1571811094,11
327,1124.599,885.5211,move,1571811094,11
328,1121.1879,886.88556,move,1571811094,11
329,1120.5056,889.51697,move,1571811094,11
330,1120.5056,889.51697,up,1571811094,11
331,1288.0405,677.3467,down,1571811100,12
332,1288.4304,675.6898,move,1571811100,12
333,1288.1381,676.1771,move,1571811100,12
334,1284.8243,679.10095,move,1571811100,12
335,1281.3158,688.4571,move,1571811100,12
336,1279.464,698.8853,move,1571811100,12
337,1276.5402,729.2928,move,1571811100,12
338,1274.9808,768.37427,move,1571811100,12
339,1274.9808,790.4002,move,1571811100,12
340,1275.1758,824.9985,move,1571811100,12
341,1275.3706,839.6175,move,1571811100,12
342,1275.3706,861.05865,move,1571811101,12
343,1273.4214,875.7751,move,1571811101,12
344,1271.4722,883.37695,move,1571811101,12
345,1270.3027,890.589,move,1571811101,12
346,1270.3027,890.4916,move,1571811101,12
347,1272.1544,886.88556,move,1571811101,12
348,1272.1544,886.88556,up,1571811101,12
349,1317.9609,895.46204,down,1571811107,13
350,1317.9609,895.46204,move,1571811107,13
351,1314.7448,890.68646,move,1571811107,13
352,1304.6089,892.5382,move,1571811107,13
353,1285.8964,895.36456,move,1571811107,13
354,1264.0652,898.1909,move,1571811107,13
355,1222.9368,903.84357,move,1571811108,13
356,1184.2449,905.3055,move,1571811108,13
357,1155.3965,906.7674,move,1571811108,13
358,1142.6292,907.1572,move,1571811108,13
359,1137.7561,906.2801,move,1571811108,13
360,1141.9469,906.6699,move,1571811108,13
361,1141.9469,906.6699,up,1571811108,13
362,1342.2286,713.40686,down,1571811116,14
363,1342.2286,713.40686,move,1571811116,14
364,1343.5931,709.31354,move,1571811116,14
365,1343.5931,710.38556,move,1571811116,14
366,1342.9109,710.38556,move,1571811116,14
367,1337.0632,710.678,move,1571811116,14
368,1326.5375,710.678,move,1571811116,14
369,1313.9651,710.5805,move,1571811116,14
370,1292.8162,710.1907,move,1571811116,14
371,1272.5443,708.6313,move,1571811116,14
372,1255.781,708.24146,move,1571811116,14
373,1226.3479,708.24146,move,1571811116,14
374,1209.5847,708.92365,move,1571811116,14
375,1189.3129,710.2881,move,1571811116,14
376,1168.164,711.8475,move,1571811116,14
377,1152.0829,712.0424,move,1571811116,14
378,1143.3114,711.94495,move,1571811116,14
379,1138.0486,712.3348,move,1571811116,14
380,1138.9257,719.157,move,1571811116,14
381,1138.9257,719.157,up,1571811116,14
382,1245.9375,709.21606,down,1571811143,15
383,1245.9375,708.92365,move,1571811143,15
384,1245.8401,706.29224,move,1571811143,15
385,1248.7639,709.31354,move,1571811143,15
386,1254.9039,719.8392,move,1571811143,15
387,1265.722,738.8439,move,1571811143,15
388,1285.3116,768.8616,move,1571811143,15
389,1301.685,790.30273,move,1571811143,15
390,1320.6898,819.1509,move,1571811143,15
391,1330.0461,834.8419,move,1571811143,15
392,1341.6439,853.1644,move,1571811143,15
393,1348.3687,862.52057,move,1571811143,15
394,1350.8052,864.76215,move,1571811143,15
395,1352.3646,865.93164,move,1571811143,15
396,1353.3392,866.5164,move,1571811143,15
397,1353.924,866.7113,move,1571811143,15
398,1354.2163,867.1012,move,1571811143,15
399,1354.2163,867.1012,up,1571811143,15
400,1391.1539,885.8135,down,1571811150,16
401,1395.1499,885.716,move,1571811150,16
402,1393.2981,881.3303,move,1571811150,16
403,1394.2727,879.9659,move,1571811150,16
404,1394.4677,875.7751,move,1571811150,16
405,1390.3743,867.0037,move,1571811150,16
406,1385.1115,859.2069,move,1571811150,16
407,1376.2424,847.6092,move,1571811150,16
408,1362.6954,829.6766,move,1571811150,16
409,1345.8347,808.72266,move,1571811150,16
410,1329.5588,788.64594,move,1571811150,16
411,1310.8463,764.6708,move,1571811150,16
412,1299.8333,749.9543,move,1571811150,16
413,1278.9767,724.71216,move,1571811150,16
414,1270.3027,709.80084,move,1571811150,16
415,1259.582,693.0377,move,1571811150,16
416,1244.4756,673.1559,move,1571811150,16
417,1239.1152,663.21497,move,1571811150,16
418,1234.0474,653.46893,move,1571811150,16
419,1227.2251,640.3119,move,1571811150,16
420,1224.886,635.73126,move,1571811151,16
421,1223.0343,632.12524,move,1571811151,16
422,1221.8647,629.98114,move,1571811151,16
423,1224.691,629.98114,move,1571811151,16
424,1224.691,629.98114,up,1571811151,16
425,1310.554,692.94025,down,1571811157,17
426,1310.554,692.94025,move,1571811157,17
427,1310.0667,690.79614,move,1571811157,17
428,1308.5073,689.6266,move,1571811157,17
429,1298.5663,692.35547,move,1571811157,17
430,1280.8285,696.8386,move,1571811157,17
431,1253.9293,699.3726,move,1571811157,17
432,1229.2717,699.5675,move,1571811157,17
433,1208.7075,699.47003,move,1571811157,17
434,1196.8174,699.95734,move,1571811157,17
435,1180.8337,703.07605,move,1571811157,17
436,1175.5709,704.3431,move,1571811157,17
437,1174.4988,706.877,move,1571811157,17
438,1174.9861,709.80084,move,1571811157,17
439,1174.9861,709.80084,up,1571811157,17
440,1356.458,856.38055,down,1571811166,18
441,1356.458,856.38055,move,1571811166,18
442,1352.7544,852.77454,move,1571811166,18
443,1344.1779,846.6346,move,1571811166,18
444,1331.6055,838.5454,move,1571811166,18
445,1311.4312,825.8756,move,1571811166,18
446,1287.0659,810.86676,move,1571811166,18
447,1258.7048,792.25195,move,1571811166,18
448,1237.7509,775.6837,move,1571811166,18
449,1222.1571,761.8444,move,1571811166,18
450,1198.5717,741.3778,move,1571811166,18
451,1187.0713,731.8268,move,1571811166,18
452,1176.8379,723.64014,move,1571811166,18
453,1173.2318,720.5214,move,1571811166,18
454,1178.1049,727.44104,move,1571811166,18
455,1178.1049,727.44104,up,1571811166,18
456,1309.4819,673.5457,down,1571811171,19
457,1309.4819,673.5457,move,1571811171,19
458,1307.3378,668.6727,move,1571811171,19
459,1306.6555,673.93555,move,1571811171,19
460,1304.9012,688.4571,move,1571811171,19
461,1303.147,709.0211,move,1571811172,19
462,1301.1978,742.255,move,1571811172,19
463,1301.3927,777.3406,move,1571811172,19
464,1301.9774,803.6547,move,1571811172,19
465,1300.7104,833.6724,move,1571811172,19
466,1299.7358,855.30853,move,1571811172,19
467,1299.7358,863.0079,move,1571811172,19
468,1299.9308,869.1478,move,1571811172,19
469,1299.7358,869.53766,move,1571811172,19
470,1299.346,866.8088,move,1571811172,19
471,1299.346,866.8088,up,1571811172,19
472,1300.1256,692.5504,down,1571811178,20
473,1299.8333,691.28345,move,1571811178,20
474,1299.346,688.8469,move,1571811178,20
475,1300.1256,691.5758,move,1571811178,20
476,1300.1256,697.71576,move,1571811178,20
477,1301.1002,712.7246,move,1571811178,20
478,1301.4901,736.69977,move,1571811178,20
479,1302.4647,755.0222,move,1571811178,20
480,1301.88,788.451,move,1571811178,20
481,1300.6129,805.11664,move,1571811178,20
482,1298.079,828.70197,move,1571811178,20
483,1296.2273,841.8591,move,1571811178,20
484,1294.9602,859.012,move,1571811178,20
485,1293.7908,869.9275,move,1571811178,20
486,1293.4983,872.5589,move,1571811178,20
487,1293.4983,873.1437,move,1571811178,20
488,1288.7228,872.4615,move,1571811178,20
489,1288.7228,872.4615,up,1571811178,20
490,1325.7578,660.68097,down,1571811185,21
491,1325.7578,660.68097,move,1571811185,21
492,1328.6816,660.77844,move,1571811185,21
493,1325.4655,662.1429,move,1571811185,21
494,1318.5458,662.92255,move,1571811185,21
495,1301.3927,661.55817,move,1571811185,21
496,1269.7179,660.09625,move,1571811185,21
497,1237.6533,660.4861,move,1571811185,21
498,1215.2374,662.0454,move,1571811185,21
499,1186.2916,664.0921,move,1571811185,21
500,1160.7568,665.8464,move,1571811185,21
501,1143.214,666.43115,move,1571811185,21
502,1132.6882,666.13873,move,1571811185,21
503,1130.1542,666.43115,move,1571811186,21
504,1131.4213,671.694,move,1571811186,21
505,1131.4213,671.694,up,1571811186,21
506,1359.2843,832.8927,down,1571811192,22
507,1358.1147,832.7953,move,1571811192,22
508,1355.4834,830.5537,move,1571811192,22
509,1355.4834,829.4816,move,1571811192,22
510,1355.0935,826.4604,move,1571811192,22
511,1354.8986,820.8077,move,1571811192,22
512,1354.9961,811.8414,move,1571811192,22
513,1353.3392,801.6081,move,1571811192,22
514,1352.657,785.2348,move,1571811192,22
515,1352.657,767.49713,move,1571811192,22
516,1352.657,751.61115,move,1571811192,22
517,1352.0723,725.29694,move,1571811192,22
518,1352.0723,709.5084,move,1571811193,22
519,1351.585,693.0377,move,1571811193,22
520,1350.9027,675.6898,move,1571811193,22
521,1350.9027,667.40576,move,1571811193,22
522,1350.9027,660.9734,move,1571811193,22
523,1351.9747,654.44354,move,1571811193,22
524,1352.3646,647.329,move,1571811193,22
525,1352.2671,645.6722,move,1571811193,22
526,1357.0427,645.37976,move,1571811193,22
527,1357.0427,645.37976,up,1571811193,22
528,1180.7363,891.6611,down,1571811198,23
529,1180.7363,891.6611,move,1571811198,23
530,1177.4226,890.19916,move,1571811198,23
531,1177.4226,890.78394,move,1571811198,23
532,1177.6176,890.3941,move,1571811198,23
533,1179.5668,888.25,move,1571811198,23
534,1184.1475,882.11,move,1571811198,23
535,1193.4063,865.44434,move,1571811198,23
536,1201.6903,847.41425,move,1571811198,23
537,1216.1145,817.1042,move,1571811198,23
538,1234.4371,791.0824,move,1571811199,23
539,1252.2725,766.3276,move,1571811199,23
540,1269.523,741.7677,move,1571811199,23
541,1283.265,722.08075,move,1571811199,23
542,1299.8333,699.95734,move,1571811199,23
543,1312.1133,685.2409,move,1571811199,23
544,1318.5458,676.4695,move,1571811199,23
545,1327.1223,666.2362,move,1571811199,23
546,1330.4359,662.0454,move,1571811199,23
547,1332.6775,660.29114,move,1571811199,23
548,1332.6775,660.29114,up,1571811199,23
549,1310.1641,649.1807,down,1571811205,24
550,1310.1641,649.1807,move,1571811205,24
551,1310.9438,652.1045,move,1571811205,24
552,1309.092,657.7572,move,1571811205,24
553,1302.2698,681.5374,move,1571811205,24
554,1296.812,699.27515,move,1571811205,24
555,1282.0955,736.9921,move,1571811205,24
556,1268.9382,774.70917,move,1571811205,24
557,1262.3109,792.057,move,1571811205,24
558,1250.6156,818.4686,move,1571811205,24
559,1244.3782,829.5791,move,1571811205,24
560,1237.0686,840.2022,move,1571811205,24
561,1230.7336,848.38885,move,1571811205,24
562,1228.4921,851.50757,move,1571811205,24
563,1227.2251,848.87616,move,1571811205,24
564,1227.2251,848.87616,up,1571811205,24
565,1311.9185,654.1512,down,1571811210,25
566,1311.9185,654.1512,move,1571811210,25
567,1312.2108,649.8629,move,1571811210,25
568,1312.2108,652.4944,move,1571811210,25
569,1305.1936,672.47363,move,1571811210,25
570,1287.9431,703.46594,move,1571811210,25
571,1270.4001,736.9921,move,1571811210,25
572,1256.9506,764.6708,move,1571811210,25
573,1239.9924,798.19696,move,1571811210,25
574,1225.7632,824.7061,move,1571811210,25
575,1215.5298,842.54126,move,1571811210,25
576,1197.597,866.7113,move,1571811210,25
577,1192.1392,874.70306,move,1571811210,25
578,1190.7748,879.2837,move,1571811210,25
579,1189.9951,876.0675,move,1571811211,25
580,1189.9951,876.0675,up,1571811211,25
581,1185.2195,842.4438,down,1571811217,26
582,1185.2195,842.4438,move,1571811217,26
583,1190.1901,839.0327,move,1571811217,26
584,1192.6265,838.0581,move,1571811217,26
585,1197.6945,837.27844,move,1571811217,26
586,1210.7542,836.69366,move,1571811217,26
587,1235.7041,836.1089,move,1571811217,26
588,1264.1627,834.4521,move,1571811217,26
589,1296.812,833.8673,move,1571811217,26
590,1315.622,834.25714,move,1571811217,26
591,1336.8684,834.1597,move,1571811217,26
592,1355.1909,833.38,move,1571811217,26
593,1365.3269,833.1851,move,1571811217,26
594,1371.077,833.1851,move,1571811218,26
595,1378.2892,832.9902,move,1571811218,26
596,1386.086,833.38,move,1571811218,26
597,1388.3276,835.71906,move,1571811218,26
598,1388.3276,835.71906,up,1571811218,26
599,1370.6873,869.1478,down,1571811223,27
600,1370.6873,869.1478,move,1571811223,27
601,1371.5643,865.24945,move,1571811223,27
602,1372.539,862.13074,move,1571811223,27
603,1368.9329,855.30853,move,1571811223,27
604,1364.0599,842.7362,move,1571811223,27
605,1357.3351,826.8502,move,1571811223,27
606,1351.9747,813.9855,move,1571811223,27
607,1347.1992,802.38776,move,1571811223,27
608,1339.11,775.97614,move,1571811223,27
609,1335.5039,759.213,move,1571811223,27
610,1327.6096,730.46234,move,1571811223,27
611,1323.7112,716.03827,move,1571811223,27
612,1320.3975,699.8599,move,1571811223,27
613,1316.8889,683.0968,move,1571811223,27
614,1314.2574,670.427,move,1571811223,27
615,1310.554,656.88007,move,1571811223,27
616,1309.7743,649.1807,move,1571811223,27
617,1311.2362,644.30774,move,1571811223,27
618,1310.7489,640.11694,move,1571811223,27
619,1309.6768,640.11694,move,1571811224,27
620,1309.6768,640.11694,up,1571811224,27
621,1158.6128,867.0037,down,1571811228,28
622,1158.6128,867.0037,move,1571811228,28
623,1156.566,861.351,move,1571811228,28
624,1160.562,861.4485,move,1571811228,28
625,1164.4603,861.8383,move,1571811228,28
626,1172.7445,861.4485,move,1571811228,28
627,1190.0925,860.57135,move,1571811228,28
628,1212.8983,858.8171,move,1571811228,28
629,1235.2168,858.5247,move,1571811228,28
630,1274.6885,857.93994,move,1571811228,28
631,1295.8374,857.6476,move,1571811228,28
632,1315.232,858.0374,move,1571811228,28
633,1337.1608,858.42725,move,1571811228,28
634,1353.4366,858.42725,move,1571811229,28
635,1356.9452,858.3298,move,1571811229,28
636,1359.3817,857.5501,move,1571811229,28
637,1359.3817,857.5501,up,1571811229,28
638,1147.7946,659.60895,down,1571811233,29
639,1147.7946,659.60895,move,1571811233,29
640,1147.9895,652.1045,move,1571811233,29
641,1150.426,651.22736,move,1571811234,29
642,1152.2778,651.81213,move,1571811234,29
643,1157.3457,653.5664,move,1571811234,29
644,1165.4349,656.5877,move,1571811234,29
645,1187.851,661.8505,move,1571811234,29
646,1208.7075,664.38446,move,1571811234,29
647,1229.0768,667.11334,move,1571811234,29
648,1258.7048,670.3295,move,1571811234,29
649,1281.7056,671.4016,move,1571811234,29
650,1294.2781,672.1813,move,1571811234,29
651,1313.4778,673.35077,move,1571811234,29
652,1325.7578,673.93555,move,1571811234,29
653,1343.3982,676.8594,move,1571811234,29
654,1351.7798,679.78314,move,1571811234,29
655,1358.1147,682.9993,move,1571811234,29
656,1358.1147,682.9993,up,1571811234,29
657,1219.3308,872.26654,down,1571811239,30
658,1219.3308,872.26654,move,1571811239,30
659,1208.1228,863.69006,move,1571811239,30
660,1205.8812,861.8383,move,1571811239,30
661,1203.6395,859.59674,move,1571811239,30
662,1201.9828,853.55426,move,1571811239,30
663,1201.3005,846.24475,move,1571811239,30
664,1199.2539,833.8673,move,1571811239,30
665,1198.9614,816.61694,move,1571811239,30
666,1198.2793,804.337,move,1571811239,30
667,1198.7666,779.77704,move,1571811239,30
668,1200.4233,766.2301,move,1571811239,30
669,1205.9786,740.7931,move,1571811239,30
670,1211.339,716.5256,move,1571811239,30
671,1216.8943,696.4488,move,1571811239,30
672,1223.2291,674.6178,move,1571811239,30
673,1230.0514,657.3674,move,1571811239,30
674,1231.5133,650.3502,move,1571811239,30
675,1232.5854,646.3544,move,1571811239,30
676,1232.5854,646.3544,up,1571811239,30
677,1329.8512,855.21106,down,1571811244,31
678,1329.8512,855.21106,move,1571811244,31
679,1325.9528,851.9949,move,1571811244,31
680,1325.0756,847.999,move,1571811244,31
681,1321.6644,842.05396,move,1571811244,31
682,1319.3254,834.74445,move,1571811244,31
683,1316.2067,823.53656,move,1571811244,31
684,1313.9651,812.3287,move,1571811245,31
685,1312.0159,800.43854,move,1571811245,31
686,1307.7277,782.70087,move,1571811245,31
687,1304.414,767.7895,move,1571811245,31
688,1302.1724,755.89935,move,1571811245,31
689,1300.8079,733.6785,move,1571811245,31
690,1299.151,722.4706,move,1571811245,31
691,1296.6171,703.6608,move,1571811245,31
692,1295.9348,693.13513,move,1571811245,31
693,1292.6212,680.173,move,1571811245,31
694,1288.7228,666.0413,move,1571811245,31
695,1285.9939,654.24866,move,1571811245,31
696,1283.5574,647.5239,move,1571811245,31
697,1280.0487,641.189,move,1571811245,31
698,1280.4386,642.06616,move,1571811245,31
699,1280.4386,642.06616,up,1571811245,31
700,1319.5204,648.0112,down,1571811250,32
701,1319.5204,648.0112,move,1571811250,32
702,1316.3042,641.67633,move,1571811250,32
703,1316.3042,642.3585,move,1571811250,32
704,1314.8423,645.96454,move,1571811250,32
705,1308.9946,656.1004,move,1571811250,32
706,1303.8292,666.2362,move,1571811250,32
707,1289.7948,692.35547,move,1571811250,32
708,1280.0487,712.3348,move,1571811250,32
709,1266.6967,746.73816,move,1571811250,32
710,1255.1963,771.9803,move,1571811250,32
711,1244.2806,792.1545,move,1571811250,32
712,1234.3397,808.9176,move,1571811250,32
713,1222.0597,831.43085,move,1571811250,32
714,1214.8475,843.02856,move,1571811250,32
715,1211.5339,848.38885,move,1571811250,32
716,1209.3898,850.53296,move,1571811250,32
717,1210.9491,850.53296,move,1571811250,32
718,1210.9491,850.53296,up,1571811250,32
719,1175.6683,883.37695,down,1571811254,33
720,1175.4734,883.27954,move,1571811255,33
721,1172.0623,880.74554,move,1571811255,33
722,1171.1852,879.6735,move,1571811255,33
723,1170.6005,878.2116,move,1571811255,33
724,1172.0623,876.0675,move,1571811255,33
725,1177.0328,871.8767,move,1571811255,33
726,1189.7028,857.1603,move,1571811255,33
727,1203.8345,837.27844,move,1571811255,33
728,1229.3693,796.8325,move,1571811255,33
729,1267.6713,746.5432,move,1571811255,33
730,1293.9856,714.6738,move,1571811255,33
731,1328.1943,680.9527,move,1571811255,33
732,1349.7332,664.0921,move,1571811255,33
733,1364.4497,653.95624,move,1571811255,33
734,1370.2,652.8842,move,1571811255,33
735,1370.2,652.8842,up,1571811255,33
736,1298.3713,649.8629,down,1571811260,34
737,1298.2739,649.08325,move,1571811260,34
738,1295.545,645.6722,move,1571811260,34
739,1294.9602,647.329,move,1571811260,34
740,1292.5237,656.97754,move,1571811260,34
741,1291.8416,677.8339,move,1571811260,34
742,1292.0364,717.79254,move,1571811260,34
743,1292.9136,740.6956,move,1571811260,34
744,1293.6932,777.04816,move,1571811260,34
745,1293.6932,792.34937,move,1571811261,34
746,1294.5704,815.64233,move,1571811261,34
747,1295.545,828.0197,move,1571811261,34
748,1295.74,837.5708,move,1571811261,34
749,1297.2993,843.51587,move,1571811261,34
750,1294.1805,849.46094,move,1571811261,34
751,1294.1805,849.46094,up,1571811261,34
752,1178.4948,652.5918,down,1571811265,35
753,1178.4948,652.5918,move,1571811265,35
754,1176.9353,646.062,move,1571811265,35
755,1177.8125,646.062,move,1571811265,35
756,1179.177,648.0112,move,1571811265,35
757,1184.3424,659.5115,move,1571811265,35
758,1192.529,681.24506,move,1571811266,35
759,1201.3005,709.70337,move,1571811266,35
760,1212.2161,740.5007,move,1571811266,35
761,1218.551,756.97144,move,1571811266,35
762,1226.2505,776.8533,move,1571811266,35
763,1232.293,790.9849,move,1571811266,35
764,1240.0898,810.76935,move,1571811266,35
765,1243.6959,819.44324,move,1571811266,35
766,1249.446,833.6724,move,1571811266,35
767,1251.6877,840.2022,move,1571811266,35
768,1253.9293,848.0965,move,1571811266,35
769,1258.7048,856.96533,move,1571811266,35
770,1257.5354,856.5755,move,1571811266,35
771,1257.5354,856.5755,up,1571811266,35
772,1182.783,867.6859,down,1571811271,36
773,1182.783,867.6859,move,1571811271,36
774,1181.0287,865.83417,move,1571811271,36
775,1180.9313,865.6393,move,1571811271,36
776,1179.3718,866.0291,move,1571811271,36
777,1179.2744,866.0291,move,1571811271,36
778,1179.4694,865.5418,move,1571811271,36
779,1182.3932,862.4231,move,1571811271,36
780,1185.6094,858.3298,move,1571811271,36
781,1190.3849,852.4822,move,1571811271,36
782,1201.7878,836.4987,move,1571811271,36
783,1210.2668,822.6594,move,1571811271,36
784,1218.746,807.74805,move,1571811271,36
785,1233.2676,778.60754,move,1571811271,36
786,1242.8187,762.4292,move,1571811271,36
787,1253.5394,744.4966,move,1571811271,36
788,1270.4001,712.7246,move,1571811271,36
789,1283.3624,688.8469,move,1571811271,36
790,1294.4729,672.47363,move,1571811271,36
791,1305.5835,657.1724,move,1571811271,36
792,1311.9185,645.96454,move,1571811271,36
793,1311.9185,645.96454,up,1571811271,36
794,1140.4851,865.5418,down,1571811278,37
795,1140.4851,865.5418,move,1571811278,37
796,1134.9298,857.93994,move,1571811278,37
797,1138.146,857.35516,move,1571811278,37
798,1147.4048,856.96533,move,1571811278,37
799,1181.2236,857.745,move,1571811278,37
800,1235.1194,857.93994,move,1571811278,37
801,1261.6287,857.745,move,1571811278,37
802,1308.4098,854.8212,move,1571811278,37
803,1333.847,853.26184,move,1571811278,37
804,1342.3262,851.9949,move,1571811278,37
805,1352.9493,849.85077,move,1571811278,37
806,1358.5046,850.63043,move,1571811278,37
807,1359.7716,851.60504,move,1571811278,37
808,1359.7716,851.60504,up,1571811278,37
809,1247.2045,869.9275,down,1571811283,38
810,1249.7385,872.16907,move,1571811284,38
811,1246.8147,868.36816,move,1571811284,38
812,1248.374,869.53766,move,1571811284,38
813,1248.8613,866.1266,move,1571811284,38
814,1246.4248,860.279,move,1571811284,38
815,1242.234,850.43555,move,1571811284,38
816,1236.289,839.7149,move,1571811284,38
817,1227.2251,822.46454,move,1571811284,38
818,1222.8394,810.4769,move,1571811284,38
819,1218.551,795.858,move,1571811284,38
820,1209.3898,767.3022,move,1571811284,38
821,1203.4447,749.9543,move,1571811284,38
822,1194.5757,730.7547,move,1571811284,38
823,1182.2957,705.61005,move,1571811284,38
824,1175.376,691.5758,move,1571811284,38
825,1167.774,676.8594,move,1571811284,38
826,1156.8584,654.73596,move,1571811284,38
827,1151.9854,643.9179,move,1571811284,38
828,1150.426,638.3627,move,1571811284,38
829,1151.1083,637.48553,move,1571811284,38
830,1152.6676,639.8246,move,1571811284,38
831,1152.6676,639.8246,up,1571811284,38
832,1341.0592,637.6804,down,1571811289,39
833,1337.6481,635.34143,move,1571811289,39
834,1338.0378,634.3668,move,1571811289,39
835,1339.4023,634.1719,move,1571811289,39
836,1338.2328,633.4897,move,1571811289,39
837,1335.6013,633.19727,move,1571811289,39
838,1333.9446,634.8541,move,1571811289,39
839,1327.5121,643.9179,move,1571811289,39
840,1320.7874,653.8588,move,1571811289,39
841,1306.6555,679.68567,move,1571811289,39
842,1298.079,695.08435,move,1571811289,39
843,1282.8751,723.4452,move,1571811289,39
844,1275.2732,739.62354,move,1571811289,39
845,1265.1373,758.62823,move,1571811289,39
846,1249.641,780.3618,move,1571811289,39
847,1241.2594,792.5443,move,1571811289,39
848,1233.1702,806.4811,move,1571811289,39
849,1219.4282,829.6766,move,1571811290,39
850,1212.2161,841.07935,move,1571811290,39
851,1202.7625,861.4485,move,1571811290,39
852,1200.7157,870.51227,move,1571811290,39
853,1202.9574,870.3173,move,1571811290,39
854,1202.9574,870.3173,up,1571811290,39
855,1152.7651,629.2014,down,1571811294,40
856,1150.621,626.76495,move,1571811294,40
857,1152.7651,627.6421,move,1571811294,40
858,1152.3752,626.6675,move,1571811294,40
859,1152.8625,626.57,move,1571811294,40
860,1155.7864,626.57,move,1571811295,40
861,1166.5071,626.57,move,1571811295,40
862,1184.6348,626.57,move,1571811295,40
863,1197.792,626.76495,move,1571811295,40
864,1215.1399,627.1548,move,1571811295,40
865,1237.5559,627.5446,move,1571811295,40
866,1256.6582,627.73956,move,1571811295,40
867,1273.4214,627.73956,move,1571811295,40
868,1304.6089,628.1294,move,1571811295,40
869,1321.6644,628.1294,move,1571811295,40
870,1345.5424,628.90906,move,1571811295,40
871,1365.4243,630.07855,move,1571811295,40
872,1389.2047,630.6633,move,1571811295,40
873,1398.7559,630.56586,move,1571811295,40
874,1408.5994,629.88367,move,1571811295,40
875,1416.9811,629.49384,move,1571811295,40
876,1418.5404,628.0319,move,1571811295,40
877,1418.5404,628.0319,up,1571811295,40
878,1184.6348,896.2417,down,1571811300,41
879,1181.2236,893.41534,move,1571811300,41
880,1181.321,893.6103,move,1571811300,41
881,1181.6134,892.6357,move,1571811300,41
882,1179.8591,890.29663,move,1571811300,41
883,1179.6643,889.2246,move,1571811300,41
884,1180.249,884.5465,move,1571811300,41
885,1182.2957,879.6735,move,1571811300,41
886,1188.7281,864.76215,move,1571811300,41
887,1193.796,852.09235,move,1571811300,41
888,1201.0082,833.9648,move,1571811300,41
889,1212.606,805.409,move,1571811300,41
890,1220.5002,786.7942,move,1571811300,41
891,1234.4371,758.62823,move,1571811300,41
892,1244.6705,742.8397,move,1571811300,41
893,1259.9718,716.3306,move,1571811300,41
894,1267.0865,701.90656,move,1571811300,41
895,1276.0529,684.7536,move,1571811300,41
896,1288.2355,656.88007,move,1571811301,41
897,1296.7146,639.7271,move,1571811301,41
898,1306.2657,625.79034,move,1571811301,41
899,1311.626,619.45544,move,1571811301,41
900,1314.2574,617.89606,move,1571811301,41
901,1316.5966,618.38336,move,1571811301,41
902,1314.9397,618.28595,move,1571811301,41
903,1314.9397,618.28595,up,1571811301,41
904,1277.7097,629.6887,down,1571811307,42
905,1277.7097,629.6887,move,1571811307,42
906,1274.591,626.0827,move,1571811307,42
907,1275.5656,630.07855,move,1571811307,42
908,1275.9554,638.46014,move,1571811307,42
909,1276.7351,658.9267,move,1571811307,42
910,1276.93,683.2917,move,1571811307,42
911,1276.93,729.6826,move,1571811307,42
912,1279.3666,769.2514,move,1571811307,42
913,1277.4174,794.39606,move,1571811307,42
914,1275.2732,809.5998,move,1571811307,42
915,1276.93,815.05756,move,1571811307,42
916,1278.4894,815.8372,move,1571811307,42
917,1278.4894,815.8372,up,1571811307,42
918,1212.0212,876.7497,down,1571811315,43
919,1214.2628,880.06335,move,1571811315,43
920,1210.072,877.52936,move,1571811315,43
921,1211.6313,877.1395,move,1571811315,43
922,1212.0212,872.5589,move,1571811315,43
923,1212.0212,858.8171,move,1571811315,43
924,1214.4578,845.8549,move,1571811315,43
925,1215.6272,827.8248,move,1571811315,43
926,1216.8943,808.8201,move,1571811315,43
927,1217.479,792.6418,move,1571811315,43
928,1220.013,771.5904,move,1571811315,43
929,1224.0089,752.4883,move,1571811315,43
930,1228.3947,737.1871,move,1571811315,43
931,1237.166,709.41095,move,1571811315,43
932,1242.7213,689.5291,move,1571811315,43
933,1246.035,675.3,move,1571811315,43
934,1249.8359,656.2953,move,1571811315,43
935,1251.8826,647.91376,move,1571811315,43
936,1252.4674,639.04486,move,1571811315,43
937,1251.1029,632.3201,move,1571811315,43
938,1251.1029,632.3201,up,1571811315,43
939,1143.7013,887.1779,down,1571811320,44
940,1139.218,884.644,move,1571811320,44
941,1140.0952,886.983,move,1571811320,44
942,1148.9641,882.79224,move,1571811320,44
943,1156.3711,876.1649,move,1571811320,44
944,1169.7233,863.20276,move,1571811321,44
945,1182.6855,844.19806,move,1571811321,44
946,1205.8812,806.77344,move,1571811321,44
947,1218.551,783.38306,move,1571811321,44
948,1236.289,752.8781,move,1571811321,44
949,1265.1373,709.9957,move,1571811321,44
950,1277.9047,690.0164,move,1571811321,44
951,1291.2567,673.0584,move,1571811321,44
952,1310.1641,652.9817,move,1571811321,44
953,1328.1943,636.5109,move,1571811321,44
954,1334.8217,631.3456,move,1571811321,44
955,1341.3516,629.2989,move,1571811321,44
956,1341.3516,629.2989,up,1571811321,44
957,1196.2325,625.5954,down,1571811326,45
958,1196.2325,625.5954,move,1571811326,45
959,1195.9402,626.27765,move,1571811326,45
960,1204.0294,634.0744,move,1571811326,45
961,1217.3816,653.5664,move,1571811326,45
962,1232.293,678.71106,move,1571811326,45
963,1249.5436,702.49133,move,1571811326,45
964,1270.1078,728.22076,move,1571811326,45
965,1281.6082,741.6702,move,1571811326,45
966,1300.7104,766.42505,move,1571811326,45
967,1309.8717,779.3872,move,1571811326,45
968,1320.1051,794.7859,move,1571811326,45
969,1333.4573,814.37537,move,1571811326,45
970,1340.182,823.3417,move,1571811326,45
971,1346.2246,830.94354,move,1571811326,45
972,1354.7036,843.61334,move,1571811327,45
973,1359.9666,852.1898,move,1571811327,45
974,1363.0853,857.1603,move,1571811327,45
975,1365.7167,862.3256,move,1571811327,45
976,1366.1066,863.78754,move,1571811327,45
977,1365.5219,864.27484,move,1571811327,45
978,1365.5219,864.27484,up,1571811327,45
979,1345.9323,611.0739,down,1571811333,46
980,1346.8093,611.2688,move,1571811333,46
981,1346.7119,611.3663,move,1571811333,46
982,1342.716,615.8494,move,1571811333,46
983,1334.9192,627.5446,move,1571811333,46
984,1326.4401,641.57886,move,1571811333,46
985,1314.0625,663.9946,move,1571811333,46
986,1304.6089,679.10095,move,1571811333,46
987,1288.0405,704.63544,move,1571811333,46
988,1278.6843,720.1316,move,1571811333,46
989,1262.116,745.95844,move,1571811333,46
990,1251.7852,762.5267,move,1571811333,46
991,1238.1406,784.845,move,1571811333,46
992,1222.2545,812.5236,move,1571811333,46
993,1213.8729,826.26544,move,1571811333,46
994,1205.2964,838.93524,move,1571811333,46
995,1197.2072,852.57965,move,1571811333,46
996,1193.0164,864.95703,move,1571811333,46
997,1193.4063,865.93164,move,1571811333,46
998,1193.4063,865.93164,up,1571811333,46
999,1181.1261,888.8347,down,1571811338,47
1000,1181.321,888.7373,move,1571811338,47
1001,1181.4186,886.39825,move,1571811338,47
1002,1185.2195,885.3262,move,1571811338,47
1003,1184.7322,877.7243,move,1571811338,47
1004,1182.4906,859.6942,move,1571811338,47
1005,1182.1007,842.1514,move,1571811338,47
1006,1181.4186,816.12964,move,1571811338,47
1007,1181.6134,784.5526,move,1571811338,47
1008,1183.2703,755.8019,move,1571811338,47
1009,1183.8551,732.8988,move,1571811338,47
1010,1184.7322,714.77124,move,1571811338,47
1011,1188.1433,686.5079,move,1571811338,47
1012,1189.2155,672.76605,move,1571811338,47
1013,1190.0925,654.0537,move,1571811338,47
1014,1190.9697,646.7442,move,1571811338,47
1015,1194.1859,638.1677,move,1571811338,47
1016,1196.7198,627.5446,move,1571811339,47
1017,1197.1097,622.7691,move,1571811339,47
1018,1197.1097,618.5783,move,1571811339,47
1019,1196.3301,608.44244,move,1571811339,47
1020,1196.3301,608.44244,up,1571811339,47
1021,1153.2524,884.7414,down,1571811345,48
1022,1153.2524,884.7414,move,1571811345,48
1023,1150.8159,882.79224,move,1571811345,48
1024,1151.2057,882.4998,move,1571811345,48
1025,1151.7905,880.9405,move,1571811345,48
1026,1154.7144,875.5802,move,1571811345,48
1027,1159.9772,867.1986,move,1571811345,48
1028,1170.4055,854.139,move,1571811345,48
1029,1189.2155,830.6511,move,1571811345,48
1030,1206.271,808.8201,move,1571811345,48
1031,1222.4495,787.6713,move,1571811345,48
1032,1253.0521,750.3442,move,1571811345,48
1033,1267.7687,730.8522,move,1571811345,48
1034,1296.7146,693.3301,move,1571811346,48
1035,1315.427,672.1813,move,1571811346,48
1036,1331.6055,652.29944,move,1571811346,48
1037,1344.8601,635.73126,move,1571811346,48
1038,1351.2925,626.86237,move,1571811346,48
1039,1359.6742,621.89197,move,1571811346,48
1040,1360.5513,620.2351,move,1571811346,48
1041,1360.5513,620.2351,up,1571811346,48
1042,1346.1271,873.3386,down,1571811351,49
1043,1344.2754,869.7326,move,1571811351,49
1044,1346.4196,868.56305,move,1571811351,49
1045,1347.589,870.2199,move,1571811351,49
1046,1347.6865,870.9021,move,1571811351,49
1047,1336.4785,870.9021,move,1571811351,49
1048,1301.9774,874.1183,move,1571811351,49
1049,1256.8531,879.77094,move,1571811351,49
1050,1223.4241,884.93634,move,1571811351,49
1051,1192.0417,892.5382,move,1571811351,49
1052,1180.249,895.85187,move,1571811351,49
1053,1178.3972,896.53406,move,1571811351,49
1054,1179.8591,897.801,move,1571811351,49
1055,1179.8591,897.801,up,1571811351,49
1056,1356.1655,611.0739,down,1571811356,50
1057,1353.0469,606.5907,move,1571811356,50
1058,1353.0469,603.66693,move,1571811356,50
1059,1355.1909,606.78564,move,1571811356,50
1060,1356.458,611.8536,move,1571811356,50
1061,1356.6528,627.93445,move,1571811356,50
1062,1357.8224,665.7489,move,1571811356,50
1063,1358.0173,702.5888,move,1571811357,50
1064,1357.3351,733.28864,move,1571811357,50
1065,1354.7036,778.02277,move,1571811357,50
1066,1354.9961,795.858,move,1571811357,50
1067,1355.9707,819.1509,move,1571811357,50
1068,1354.2163,836.4013,move,1571811357,50
1069,1354.1189,839.7149,move,1571811357,50
1070,1354.1189,839.7149,up,1571811357,50
1071,1359.2843,862.9104,down,1571811361,51
1072,1359.4792,863.69006,move,1571811361,51
1073,1358.3097,862.13074,move,1571811361,51
1074,1360.1615,859.2069,move,1571811361,51
1075,1357.2377,855.1136,move,1571811361,51
1076,1351.4874,850.7279,move,1571811361,51
1077,1345.8347,844.9778,move,1571811361,51
1078,1336.6735,834.74445,move,1571811361,51
1079,1327.0248,820.6128,move,1571811361,51
1080,1314.4524,793.324,move,1571811361,51
1081,1305.3885,779.3872,move,1571811361,51
1082,1296.2273,764.6708,move,1571811361,51
1083,1278.6843,737.5769,move,1571811361,51
1084,1267.9636,722.2757,move,1571811361,51
1085,1248.9589,693.2326,move,1571811362,51
1086,1234.2422,677.63904,move,1571811362,51
1087,1217.7714,662.92255,move,1571811362,51
1088,1208.3177,651.12994,move,1571811362,51
1089,1207.3431,649.08325,move,1571811362,51
1090,1208.7075,648.4985,move,1571811362,51
1091,1208.7075,648.4985,up,1571811362,51
1092,1306.1682,629.59125,down,1571811370,52
1093,1306.1682,629.59125,move,1571811370,52
1094,1290.3796,629.7862,move,1571811370,52
1095,1266.7941,631.2481,move,1571811370,52
1096,1230.6362,632.80743,move,1571811370,52
1097,1198.4741,632.80743,move,1571811370,52
1098,1183.0753,632.80743,move,1571811370,52
1099,1178.982,633.3922,move,1571811370,52
1100,1179.7617,635.5363,move,1571811370,52
1101,1179.7617,635.5363,up,1571811370,52
1102,1322.5416,598.79395,down,1571811378,53
1103,1320.2025,595.2854,move,1571811378,53
1104,1318.4482,594.7981,move,1571811378,53
1105,1315.232,600.93805,move,1571811378,53
1106,1313.2828,606.78564,move,1571811378,53
1107,1309.8717,622.67163,move,1571811378,53
1108,1304.024,648.7909,move,1571811378,53
1109,1298.7612,670.427,move,1571811378,53
1110,1289.8923,710.87286,move,1571811378,53
1111,1284.337,735.4328,move,1571811378,53
1112,1274.2986,776.7558,move,1571811378,53
1113,1269.8154,794.88336,move,1571811378,53
1114,1266.2094,812.5236,move,1571811379,53
1115,1261.4337,828.6045,move,1571811379,53
1116,1260.1667,835.1343,move,1571811379,53
1117,1257.0481,845.4651,move,1571811379,53
1118,1254.1243,851.11774,move,1571811379,53
1119,1254.514,851.8,move,1571811379,53
1120,1254.514,851.8,up,1571811379,53
1121,1312.8931,880.55066,down,1571811384,54
1122,1312.8931,880.55066,move,1571811384,54
1123,1312.6006,879.4786,move,1571811384,54
1124,1312.9905,881.03796,move,1571811384,54
1125,1312.0159,880.3557,move,1571811384,54
1126,1311.4312,879.9659,move,1571811384,54
1127,1309.4819,878.7964,move,1571811384,54
1128,1306.5581,874.5081,move,1571811384,54
1129,1297.3967,860.37646,move,1571811384,54
1130,1289.0151,846.73206,move,1571811384,54
1131,1269.523,814.4728,move,1571811384,54
1132,1257.4379,792.73926,move,1571811384,54
1133,1242.5264,765.25555,move,1571811384,54
1134,1225.7632,730.94965,move,1571811384,54
1135,1213.9705,704.4405,move,1571811384,54
1136,1201.6903,675.59235,move,1571811384,54
1137,1191.5544,654.6385,move,1571811384,54
1138,1180.6388,634.9516,move,1571811385,54
1139,1180.8337,633.29474,move,1571811385,54
1140,1183.0753,635.6338,move,1571811385,54
1141,1183.0753,635.6338,up,1571811385,54
1142,1252.3699,877.0421,down,1571811389,55
1143,1252.3699,877.0421,move,1571811389,55
1144,1252.2725,877.3345,move,1571811389,55
1145,1251.5902,876.84717,move,1571811389,55
1146,1251.2004,876.2624,move,1571811389,55
1147,1251.2004,876.2624,move,1571811389,55
1148,1251.1029,876.1649,move,1571811389,55
1149,1250.7131,876.1649,move,1571811389,55
1150,1250.4207,873.5335,move,1571811389,55
1151,1255.8785,860.7663,move,1571811389,55
1152,1265.8195,842.3463,move,1571811390,55
1153,1281.4132,813.3033,move,1571811390,55
1154,1296.0323,778.9974,move,1571811390,55
1155,1315.7194,736.115,move,1571811390,55
1156,1336.8684,694.10974,move,1571811390,55
1157,1353.924,662.82513,move,1571811390,55
1158,1366.8862,636.31604,move,1571811390,55
1159,1374.3907,621.5021,move,1571811390,55
1160,1380.0435,613.3155,move,1571811390,55
1161,1381.7977,611.6586,move,1571811390,55
1162,1381.7977,611.6586,up,1571811390,55
1163,1209.8771,627.73956,down,1571811395,56
1164,1209.8771,627.73956,move,1571811395,56
1165,1205.7837,623.9386,move,1571811395,56
1166,1204.1268,624.5234,move,1571811395,56
1167,1201.6903,633.3922,move,1571811395,56
1168,1201.203,641.3839,move,1571811395,56
1169,1207.9279,665.6514,move,1571811395,56
1170,1221.6698,696.3513,move,1571811396,56
1171,1232.1956,713.40686,move,1571811396,56
1172,1251.6877,742.06006,move,1571811396,56
1173,1262.2135,757.7511,move,1571811396,56
1174,1277.3198,776.46344,move,1571811396,56
1175,1297.1044,799.8538,move,1571811396,56
1176,1314.6473,819.0534,move,1571811396,56
1177,1330.9232,832.01556,move,1571811396,56
1178,1347.2966,843.12604,move,1571811396,56
1179,1367.0812,858.7196,move,1571811396,56
1180,1376.34,866.7113,move,1571811396,56
1181,1383.552,870.51227,move,1571811396,56
1182,1391.8362,879.57605,move,1571811396,56
1183,1391.8362,879.57605,up,1571811396,56
1184,1141.2648,620.3326,down,1571811402,57
1185,1141.2648,620.3326,move,1571811402,57
1186,1142.3368,616.5316,move,1571811402,57
1187,1143.1165,618.96814,move,1571811402,57
1188,1145.2606,619.5529,move,1571811402,57
1189,1155.0067,621.3072,move,1571811402,57
1190,1165.8248,623.64624,move,1571811402,57
1191,1189.0205,629.88367,move,1571811402,57
1192,1206.6609,633.58716,move,1571811402,57
1193,1234.0474,637.0957,move,1571811402,57
1194,1267.0865,639.62964,move,1571811402,57
1195,1293.1085,642.6509,move,1571811402,57
1196,1319.9102,647.0366,move,1571811402,57
1197,1337.4531,650.3502,move,1571811402,57
1198,1350.123,652.78674,move,1571811402,57
1199,1365.7167,655.41815,move,1571811402,57
1200,1371.5643,656.2953,move,1571811402,57
1201,1378.1917,658.14703,move,1571811402,57
1202,1378.1917,658.14703,up,1571811402,57
1203,1245.4502,912.3226,down,1571811409,58
1204,1245.4502,912.3226,move,1571811409,58
1205,1244.5731,910.8607,move,1571811409,58
1206,1244.8655,909.8861,move,1571811409,58
1207,1244.1832,907.4496,move,1571811409,58
1208,1245.8401,898.09344,move,1571811409,58
1209,1252.0775,878.60144,move,1571811409,58
1210,1257.2429,855.69836,move,1571811409,58
1211,1262.9932,830.35876,move,1571811409,58
1212,1269.3281,799.26904,move,1571811409,58
1213,1276.1504,768.7641,move,1571811409,58
1214,1283.4598,742.3524,move,1571811409,58
1215,1295.6425,701.7116,move,1571811409,58
1216,1301.4901,684.5587,move,1571811409,58
1217,1310.1641,665.45654,move,1571811409,58
1218,1317.2788,647.1341,move,1571811409,58
1219,1318.1559,642.74835,move,1571811409,58
1220,1319.7152,640.9941,move,1571811409,58
1221,1324.101,641.57886,move,1571811410,58
1222,1324.101,641.57886,up,1571811410,58
1223,1201.3005,888.05505,down,1571811417,59
1224,1201.3005,888.05505,move,1571811417,59
1225,1235.6067,884.35156,move,1571811417,59
1226,1290.3796,882.0126,move,1571811417,59
1227,1352.8519,879.8684,move,1571811417,59
1228,1381.213,879.2837,move,1571811417,59
1229,1388.3276,879.4786,move,1571811417,59
1230,1390.4717,879.3811,move,1571811417,59
1231,1390.8616,879.6735,move,1571811417,59
1232,1390.8616,879.6735,up,1571811417,59
1233,1160.8544,879.77094,down,1571811421,60
1234,1157.833,875.0929,move,1571811421,60
1235,1160.0747,872.9488,move,1571811421,60
1236,1161.4391,873.0462,move,1571811421,60
1237,1163.096,873.4361,move,1571811421,60
1238,1175.7659,872.4615,move,1571811422,60
1239,1206.7583,871.29193,move,1571811422,60
1240,1256.2683,871.29193,move,1571811422,60
1241,1308.8971,872.26654,move,1571811422,60
1242,1362.1107,872.6564,move,1571811422,60
1243,1391.5438,872.8513,move,1571811422,60
1244,1398.4635,873.24115,move,1571811422,60
1245,1399.9254,872.07166,move,1571811422,60
1246,1399.9254,872.07166,up,1571811422,60
1247,1387.7428,873.92334,down,1571811431,61
1248,1389.7896,875.7751,move,1571811431,61
1249,1385.5988,871.1945,move,1571811431,61
1250,1385.0139,869.7326,move,1571811431,61
1251,1381.5054,865.0545,move,1571811431,61
1252,1373.6111,858.2323,move,1571811431,61
1253,1366.0092,850.8254,move,1571811431,61
1254,1348.0763,835.914,move,1571811432,61
1255,1330.1436,822.7569,move,1571811432,61
1256,1311.9185,809.9896,move,1571811432,61
1257,1277.3198,784.845,move,1571811432,61
1258,1257.8278,768.6666,move,1571811432,61
1259,1239.2128,752.19586,move,1571811432,61
1260,1213.8729,730.6572,move,1571811432,61
1261,1200.5209,720.229,move,1571811432,61
1262,1191.9443,714.08905,move,1571811432,61
1263,1181.0287,711.6525,move,1571811432,61
1264,1177.8125,713.6992,move,1571811432,61
1265,1177.8125,713.6992,up,1571811432,61
1266,1143.214,654.0537,down,1571811437,62
1267,1142.8241,653.6639,move,1571811437,62
1268,1147.8921,656.39276,move,1571811437,62
1269,1166.5071,664.7743,move,1571811437,62
1270,1186.4865,673.8381,move,1571811437,62
1271,1219.1359,683.38916,move,1571811437,62
1272,1256.8531,691.47833,move,1571811437,62
1273,1277.9047,696.05896,move,1571811438,62
1274,1317.2788,705.02527,move,1571811438,62
1275,1339.987,709.5084,move,1571811438,62
1276,1362.4031,714.1865,move,1571811438,62
1277,1381.8951,718.6697,move,1571811438,62
1278,1392.9082,721.9833,move,1571811438,62
1279,1392.9082,721.9833,up,1571811438,62
1280,1149.2565,656.0029,down,1571811442,63
1281,1149.2565,656.0029,move,1571811442,63
1282,1147.5022,649.3757,move,1571811442,63
1283,1149.354,649.8629,move,1571811442,63
1284,1153.6422,651.3248,move,1571811442,63
1285,1157.7356,649.7655,move,1571811442,63
1286,1170.2106,648.88837,move,1571811442,63
1287,1191.3595,647.7188,move,1571811442,63
1288,1220.8901,647.5239,move,1571811443,63
1289,1262.7982,648.10864,move,1571811443,63
1290,1289.5024,647.0366,move,1571811443,63
1291,1331.9954,644.89246,move,1571811443,63
1292,1352.2671,644.21027,move,1571811443,63
1293,1372.539,643.82043,move,1571811443,63
1294,1386.8657,643.82043,move,1571811443,63
1295,1391.0565,644.89246,move,1571811443,63
1296,1394.76,647.7188,move,1571811443,63
1297,1394.76,647.7188,up,1571811443,63
1298,1355.6782,734.9455,down,1571811448,64
1299,1355.6782,734.9455,move,1571811448,64
1300,1358.3097,731.63184,move,1571811448,64
1301,1355.8732,731.53436,move,1571811448,64
1302,1349.7332,727.73346,move,1571811448,64
1303,1336.3811,721.0087,move,1571811448,64
1304,1314.5498,712.7246,move,1571811448,64
1305,1280.6335,697.61835,move,1571811448,64
1306,1243.1112,681.5374,move,1571811448,64
1307,1223.4241,671.0118,move,1571811448,64
1308,1188.4357,650.7401,move,1571811448,64
1309,1171.7699,644.4052,move,1571811448,64
1310,1150.3286,642.3585,move,1571811448,64
1311,1141.8495,642.26105,move,1571811448,64
1312,1141.8495,642.26105,up,1571811448,64
1313,1307.5327,630.4684,down,1571811462,65
1314,1304.6089,626.95984,move,1571811462,65
1315,1306.3632,631.05316,move,1571811462,65
1316,1304.8038,652.4944,move,1571811462,65
1317,1301.7825,681.5374,move,1571811462,65
1318,1300.5155,726.0766,move,1571811462,65
1319,1300.1256,779.1923,move,1571811462,65
1320,1300.1256,804.142,move,1571811462,65
1321,1299.7358,826.55786,move,1571811462,65
1322,1299.151,843.51587,move,1571811462,65
1323,1298.6637,849.266,move,1571811462,65
1324,1299.8333,846.73206,move,1571811462,65
1325,1299.8333,846.73206,up,1571811462,65
1330,1267.4763,622.1843,down,1571811467,66
1331,1270.4976,628.3243,move,1571811467,66
1332,1276.1504,639.7271,move,1571811467,66
1333,1292.2313,688.06726,move,1571811467,66
1334,1306.5581,729.5852,move,1571811467,66
1335,1323.5162,779.8745,move,1571811467,66
1336,1338.8175,816.9093,move,1571811467,66
1337,1342.5211,832.308,move,1571811467,66
1338,1342.9109,840.10474,move,1571811467,66
1339,1345.5424,849.46094,move,1571811467,66
1340,1345.5424,849.46094,up,1571811467,66
1341,1184.1475,899.8477,down,1571811471,67
1342,1180.0541,899.55536,move,1571811471,67
1343,1179.8591,901.5045,move,1571811472,67
1344,1179.8591,898.09344,move,1571811472,67
1345,1179.5668,894.5849,move,1571811472,67
1346,1181.1261,888.63983,move,1571811472,67
1347,1188.5332,874.31323,move,1571811472,67
1348,1199.936,849.85077,move,1571811472,67
1349,1214.9451,815.8372,move,1571811472,67
1350,1228.1997,784.7475,move,1571811472,67
1351,1255.5862,729.1953,move,1571811472,67
1352,1277.6123,694.88947,move,1571811472,67
1353,1301.2952,659.9988,move,1571811472,67
1354,1316.7915,634.1719,move,1571811472,67
1355,1328.5842,618.7732,move,1571811472,67
1356,1337.4531,607.4679,move,1571811472,67
1357,1337.5505,609.22217,move,1571811472,67
1358,1337.5505,609.22217,up,1571811472,67
1359,1370.2974,860.8637,down,1571811476,68
1360,1370.2974,860.8637,move,1571811476,68
1361,1371.1746,854.04156,move,1571811476,68
1362,1371.1746,851.50757,move,1571811477,68
1363,1369.3228,853.3593,move,1571811477,68
1364,1366.0092,854.6263,move,1571811477,68
1365,1356.5554,855.69836,move,1571811477,68
1366,1339.11,858.42725,move,1571811477,68
1367,1300.2231,863.3977,move,1571811477,68
1368,1261.3363,866.6139,move,1571811477,68
1369,1234.1448,868.9529,move,1571811477,68
1370,1199.7412,876.94464,move,1571811477,68
1371,1190.9697,879.9659,move,1571811477,68
1372,1188.3383,882.8897,move,1571811477,68
1373,1185.9017,888.8347,move,1571811477,68
1374,1185.9017,888.8347,up,1571811477,68
1375,1135.612,628.5192,down,1571811482,69
1376,1135.612,628.5192,move,1571811482,69
1377,1132.1034,623.9386,move,1571811482,69
1378,1131.811,625.498,move,1571811482,69
1379,1130.934,626.86237,move,1571811482,69
1380,1131.1288,633.58716,move,1571811483,69
1381,1132.1034,668.6727,move,1571811483,69
1382,1133.4679,712.13983,move,1571811483,69
1383,1135.9044,776.0736,move,1571811483,69
1384,1136.6841,809.30743,move,1571811483,69
1385,1135.3196,831.62573,move,1571811483,69
1386,1135.0272,840.88446,move,1571811483,69
1387,1140.5825,843.4184,move,1571811483,69
1388,1141.7521,841.4692,move,1571811483,69
1389,1141.7521,841.4692,up,1571811483,69
1390,1349.9281,629.7862,down,1571811488,70
1391,1348.5636,628.0319,move,1571811488,70
1392,1348.4662,628.3243,move,1571811488,70
1393,1345.25,631.7354,move,1571811488,70
1394,1343.2032,631.15063,move,1571811488,70
1395,1339.2074,631.2481,move,1571811488,70
1396,1328.8766,632.3201,move,1571811488,70
1397,1302.952,634.1719,move,1571811488,70
1398,1260.7516,636.9982,move,1571811488,70
1399,1237.361,637.1932,move,1571811488,70
1400,1220.1105,636.31604,move,1571811488,70
1401,1198.9614,635.5363,move,1571811488,70
1402,1193.796,635.92615,move,1571811488,70
1403,1191.5544,637.48553,move,1571811488,70
1404,1188.8256,640.5068,move,1571811488,70
1405,1188.8256,640.5068,up,1571811488,70
1406,1207.2456,672.76605,down,1571811496,71
1407,1205.5887,671.0118,move,1571811496,71
1408,1202.3726,670.3295,move,1571811496,71
1409,1201.4955,670.13464,move,1571811496,71
1410,1202.0802,669.9397,move,1571811496,71
1411,1206.3685,673.44824,move,1571811496,71
1412,1218.2587,687.4825,move,1571811496,71
1413,1239.2128,714.284,move,1571811496,71
1414,1254.8064,732.3141,move,1571811496,71
1415,1286.5786,764.6708,move,1571811496,71
1416,1304.1216,780.1669,move,1571811496,71
1417,1325.0756,797.3198,move,1571811496,71
1418,1345.445,814.2779,move,1571811497,71
1419,1356.3605,825.58325,move,1571811497,71
1420,1368.0558,839.2276,move,1571811497,71
1421,1368.0558,839.2276,up,1571811497,71
1422,1409.2816,654.8334,down,1571811501,72
1423,1409.8665,651.4223,move,1571811501,72
1424,1411.3284,651.71466,move,1571811501,72
1425,1409.8665,651.3248,move,1571811501,72
1426,1407.04,649.9604,move,1571811501,72
1427,1401.3873,649.2782,move,1571811501,72
1428,1385.0139,650.54517,move,1571811501,72
1429,1355.9707,656.2953,move,1571811501,72
1430,1325.6604,664.96924,move,1571811501,72
1431,1274.6885,678.71106,move,1571811501,72
1432,1234.827,689.6266,move,1571811502,72
1433,1208.2202,698.8853,move,1571811502,72
1434,1191.1646,707.5592,move,1571811502,72
1435,1191.1646,707.5592,up,1571811502,72
1436,1349.0509,856.77045,down,1571811507,73
1437,1350.4154,857.84247,move,1571811507,73
1438,1350.3179,856.77045,move,1571811507,73
1439,1350.3179,855.79584,move,1571811507,73
1440,1350.2205,853.74915,move,1571811507,73
1441,1349.8306,851.9949,move,1571811507,73
1442,1349.2458,848.38885,move,1571811507,73
1443,1347.6865,841.37177,move,1571811507,73
1444,1342.2286,831.7232,move,1571811507,73
1445,1335.2115,821.1001,move,1571811507,73
1446,1323.5162,804.337,move,1571811507,73
1447,1312.7955,787.57385,move,1571811507,73
1448,1304.219,773.92944,move,1571811507,73
1449,1290.0872,747.90765,move,1571811507,73
1450,1281.9979,733.3861,move,1571811507,73
1451,1272.4468,717.1103,move,1571811507,73
1452,1263.2855,697.5209,move,1571811507,73
1453,1254.4166,683.779,move,1571811507,73
1454,1247.0096,674.8127,move,1571811507,73
1455,1246.2299,675.0076,move,1571811508,73
1456,1246.2299,675.0076,up,1571811508,73
1457,1359.1869,861.1561,down,1571811513,74
1458,1356.5554,860.7663,move,1571811513,74
1459,1351.0977,860.4739,move,1571811514,74
1460,1337.3556,855.406,move,1571811514,74
1461,1320.1051,847.8041,move,1571811514,74
1462,1302.5621,838.5454,move,1571811514,74
1463,1279.1716,826.9477,move,1571811514,74
1464,1265.2347,819.6382,move,1571811514,74
1465,1249.641,808.8201,move,1571811514,74
1466,1228.2971,792.8367,move,1571811514,74
1467,1216.5044,786.9891,move,1571811514,74
1468,1207.4406,784.7475,move,1571811514,74
1469,1200.7157,785.8196,move,1571811514,74
1470,1200.7157,785.8196,up,1571811514,74
1471,1201.9828,865.73676,down,1571811520,75
1472,1201.9828,865.73676,move,1571811520,75
1473,1201.203,865.24945,move,1571811520,75
1474,1200.9106,864.5672,move,1571811520,75
1475,1200.4233,863.1053,move,1571811520,75
1476,1202.1776,861.351,move,1571811520,75
1477,1208.3177,855.89325,move,1571811520,75
1478,1219.4282,846.0498,move,1571811520,75
1479,1231.4159,836.79114,move,1571811520,75
1480,1252.6624,820.6128,move,1571811520,75
1481,1271.0824,804.8243,move,1571811520,75
1482,1285.1167,792.34937,move,1571811520,75
1483,1313.4778,769.64124,move,1571811520,75
1484,1328.779,758.8232,move,1571811521,75
1485,1347.2966,747.42035,move,1571811521,75
1486,1358.1147,741.9626,move,1571811521,75
1487,1366.3989,738.1617,move,1571811521,75
1488,1366.3989,738.1617,up,1571811521,75
1489,1213.3856,636.0236,down,1571811525,76
1490,1213.3856,636.0236,move,1571811525,76
1491,1207.0507,631.63794,move,1571811525,76
1492,1209.4872,633.977,move,1571811525,76
1493,1213.3856,644.0153,move,1571811526,76
1494,1220.3053,659.80383,move,1571811526,76
1495,1232.0006,689.72406,move,1571811526,76
1496,1247.3994,726.6614,move,1571811526,76
1497,1257.6328,746.0559,move,1571811526,76
1498,1270.79,771.29803,move,1571811526,76
1499,1279.9513,788.06116,move,1571811526,76
1500,1290.0872,811.549,move,1571811526,76
1501,1293.7908,822.2696,move,1571811526,76
1502,1298.4689,834.4521,move,1571811526,76
1503,1302.1724,843.9057,move,1571811526,76
1504,1305.486,848.5838,move,1571811526,76
1505,1305.5835,848.97363,move,1571811526,76
1506,1305.5835,848.97363,up,1571811526,76
1507,1342.5211,614.77734,down,1571811531,77
1508,1342.1312,611.8536,move,1571811531,77
1509,1344.1779,610.5866,move,1571811531,77
1510,1346.4196,612.8282,move,1571811531,77
1511,1346.2246,617.21387,move,1571811531,77
1512,1344.0804,624.3284,move,1571811531,77
1513,1339.11,636.21857,move,1571811531,77
1514,1332.775,649.9604,move,1571811531,77
1515,1322.4442,671.79144,move,1571811531,77
1516,1312.3082,693.3301,move,1571811531,77
1517,1300.3206,722.763,move,1571811531,77
1518,1289.2101,745.861,move,1571811531,77
1519,1278.392,765.93774,move,1571811532,77
1520,1264.4551,788.64594,move,1571811532,77
1521,1247.5944,814.8626,move,1571811532,77
1522,1236.8737,833.7699,move,1571811532,77
1523,1235.1194,849.5584,move,1571811532,77
1524,1235.1194,849.1685,move,1571811532,77
1525,1235.1194,849.1685,up,1571811532,77
1526,1389.4971,835.8165,down,1571811537,78
1527,1389.4971,835.8165,move,1571811537,78
1528,1390.3743,832.6978,move,1571811537,78
1529,1386.7682,833.57495,move,1571811537,78
1530,1384.7216,834.74445,move,1571811537,78
1531,1379.0688,835.71906,move,1571811537,78
1532,1372.9288,837.18097,move,1571811537,78
1533,1365.0345,839.2276,move,1571811537,78
1534,1346.0297,844.58795,move,1571811537,78
1535,1332.6775,848.87616,move,1571811537,78
1536,1316.5966,853.8466,move,1571811537,78
1537,1292.9136,861.1561,move,1571811537,78
1538,1277.6123,864.95703,move,1571811537,78
1539,1251.2004,868.758,move,1571811537,78
1540,1236.1914,871.09705,move,1571811537,78
1541,1222.7418,872.8513,move,1571811538,78
1542,1216.7968,874.21576,move,1571811538,78
1543,1217.1866,873.3386,move,1571811538,78
1544,1217.1866,873.3386,up,1571811538,78
1545,1152.5702,605.81104,down,1571811542,79
1546,1152.0829,605.12885,move,1571811542,79
1547,1154.7144,605.61615,move,1571811542,79
1548,1155.689,606.20087,move,1571811543,79
1549,1162.0238,607.8577,move,1571811543,79
1550,1182.0033,609.0272,move,1571811543,79
1551,1202.0802,609.90436,move,1571811543,79
1552,1224.4962,613.60785,move,1571811543,79
1553,1252.9547,617.7012,move,1571811543,79
1554,1269.7179,621.3072,move,1571811543,79
1555,1292.3289,624.3284,move,1571811543,79
1556,1320.9823,629.104,move,1571811543,79
1557,1346.6144,632.4176,move,1571811543,79
1558,1376.8273,637.2906,move,1571811543,79
1559,1395.2473,641.57886,move,1571811543,79
1560,1406.4553,645.37976,move,1571811543,79
1561,1416.3962,648.4985,move,1571811543,79
1562,1419.0277,650.2528,move,1571811543,79
1563,1419.0277,650.2528,up,1571811543,79
1564,1193.796,899.9452,down,1571811549,80
1565,1193.796,899.9452,move,1571811549,80
1566,1193.6011,897.801,move,1571811549,80
1567,1193.6011,895.55945,move,1571811549,80
1568,1195.9402,891.17377,move,1571811549,80
1569,1199.1564,886.39825,move,1571811549,80
1570,1208.6101,872.9488,move,1571811549,80
1571,1216.5044,861.351,move,1571811549,80
1572,1223.619,850.3381,move,1571811549,80
1573,1241.3568,823.7315,move,1571811549,80
1574,1252.8572,808.1379,move,1571811549,80
1575,1265.1373,792.5443,move,1571811549,80
1576,1292.5237,761.9419,move,1571811549,80
1577,1311.626,739.62354,move,1571811549,80
1578,1336.4785,713.2119,move,1571811549,80
1579,1363.1827,688.74945,move,1571811549,80
1580,1381.4078,671.5965,move,1571811549,80
1581,1401.6797,649.7655,move,1571811549,80
1582,1413.18,641.189,move,1571811549,80
1583,1424.778,635.24396,move,1571811549,80
1584,1426.5322,636.6084,move,1571811549,80
1585,1426.5322,636.6084,up,1571811549,80
1586,1234.0474,900.335,down,1571811555,81
1587,1232.3905,901.1147,move,1571811555,81
1588,1227.9073,899.4579,move,1571811555,81
1589,1227.8098,898.09344,move,1571811555,81
1590,1227.8098,896.3392,move,1571811555,81
1591,1229.6616,890.78394,move,1571811555,81
1592,1238.2382,875.97003,move,1571811555,81
1593,1249.2512,853.9441,move,1571811555,81
1594,1263.1881,820.028,move,1571811555,81
1595,1272.7393,792.8367,move,1571811555,81
1596,1281.1208,770.5184,move,1571811555,81
1597,1291.2567,747.8102,move,1571811555,81
1598,1309.9692,712.43225,move,1571811555,81
1599,1321.2747,689.3342,move,1571811555,81
1600,1331.8978,674.033,move,1571811555,81
1601,1350.3179,649.7655,move,1571811555,81
1602,1355.5808,640.5068,move,1571811555,81
1603,1357.6274,634.26935,move,1571811555,81
1604,1361.9158,630.4684,move,1571811555,81
1605,1361.9158,629.2014,move,1571811555,81
1606,1361.9158,629.2014,up,1571811555,81
1607,1214.1653,646.8417,down,1571811561,82
1608,1214.1653,646.8417,move,1571811561,82
1609,1215.8221,645.96454,move,1571811561,82
1610,1219.1359,647.7188,move,1571811562,82
1611,1230.4413,657.7572,move,1571811562,82
1612,1245.3528,675.49493,move,1571811562,82
1613,1256.0735,693.525,move,1571811562,82
1614,1266.4043,725.10205,move,1571811562,82
1615,1271.7646,749.2721,move,1571811562,82
1616,1273.8113,770.22595,move,1571811562,82
1617,1272.3494,797.3198,move,1571811562,82
1618,1263.8702,828.70197,move,1571811562,82
1619,1258.4125,844.4905,move,1571811562,82
1620,1246.4248,869.53766,move,1571811562,82
1621,1236.289,883.76685,move,1571811562,82
1622,1232.3905,889.71185,move,1571811562,82
1623,1232.3905,889.71185,up,1571811562,82
1624,1182.1982,872.6564,down,1571811568,83
1625,1182.1982,872.6564,move,1571811568,83
1626,1184.8297,871.8767,move,1571811568,83
1627,1191.3595,867.1012,move,1571811568,83
1628,1194.0884,865.6393,move,1571811568,83
1629,1198.3767,861.64343,move,1571811568,83
1630,1203.737,857.5501,move,1571811568,83
1631,1210.8517,853.74915,move,1571811568,83
1632,1232.8778,845.8549,move,1571811568,83
1633,1250.3232,840.2997,move,1571811568,83
1634,1274.4935,831.43085,move,1571811569,83
1635,1295.2527,824.12134,move,1571811569,83
1636,1328.2917,814.08295,move,1571811569,83
1637,1346.517,808.6252,move,1571811569,83
1638,1366.8862,801.70557,move,1571811569,83
1639,1387.6454,795.37067,move,1571811569,83
1640,1394.2727,794.2986,move,1571811569,83
1641,1394.2727,794.2986,up,1571811569,83
1642,1440.1766,888.63983,down,1571811575,84
1643,1439.7869,886.59314,move,1571811575,84
1644,1440.2742,888.3474,move,1571811575,84
1645,1438.8123,887.9576,move,1571811575,84
1646,1433.4519,883.4744,move,1571811575,84
1647,1426.2397,873.0462,move,1571811575,84
1648,1416.7861,858.42725,move,1571811575,84
1649,1402.6543,833.8673,move,1571811575,84
1650,1386.8657,807.26074,move,1571811575,84
1651,1371.6619,781.6288,move,1571811575,84
1652,1360.6488,761.06476,move,1571811575,84
1653,1340.182,729.2928,move,1571811575,84
1654,1329.3639,713.9916,move,1571811575,84
1655,1317.766,697.13104,move,1571811575,84
1656,1307.6301,681.43994,move,1571811575,84
1657,1306.8505,680.3679,move,1571811576,84
1658,1306.8505,680.3679,up,1571811576,84
1659,1145.8453,639.14233,down,1571811580,85
1660,1143.5063,636.1211,move,1571811580,85
1661,1144.5784,632.9049,move,1571811580,85
1662,1145.7479,634.6592,move,1571811580,85
1663,1146.1378,635.92615,move,1571811580,85
1664,1146.2352,635.5363,move,1571811580,85
1665,1150.621,634.1719,move,1571811580,85
1666,1159.1001,632.3201,move,1571811580,85
1667,1170.6979,631.05316,move,1571811580,85
1668,1203.737,630.176,move,1571811580,85
1669,1227.9073,629.6887,move,1571811580,85
1670,1265.722,628.3243,move,1571811580,85
1671,1310.4565,626.76495,move,1571811581,85
1672,1336.2836,625.5954,move,1571811581,85
1673,1350.123,625.5954,move,1571811581,85
1674,1367.0812,625.30304,move,1571811581,85
1675,1374.5857,624.23096,move,1571811581,85
1676,1384.2343,623.4513,move,1571811581,85
1677,1399.4381,623.4513,move,1571811581,85
1678,1411.5232,626.1802,move,1571811581,85
1679,1411.5232,626.1802,up,1571811581,85
1680,1186.4865,861.9358,down,1571811586,86
1681,1184.2449,860.08405,move,1571811586,86
1682,1186.1941,860.7663,move,1571811586,86
1683,1188.0459,858.62213,move,1571811586,86
1684,1198.9614,856.18567,move,1571811586,86
1685,1218.746,851.50757,move,1571811586,86
1686,1255.3912,844.4905,move,1571811586,86
1687,1295.74,837.5708,move,1571811586,86
1688,1321.8594,833.08765,move,1571811586,86
1689,1346.1271,828.507,move,1571811586,86
1690,1379.8485,821.1001,move,1571811586,86
1691,1397.099,817.5915,move,1571811586,86
1692,1405.968,815.05756,move,1571811586,86
1693,1415.3242,811.6465,move,1571811586,86
1694,1421.7566,812.91345,move,1571811586,86
1695,1421.7566,812.91345,up,1571811586,86
1696,1167.0918,608.34503,down,1571811591,87
1697,1166.7994,608.0526,move,1571811591,87
1698,1164.2655,604.8364,move,1571811591,87
1699,1165.8248,605.71356,move,1571811591,87
1700,1171.2826,612.3409,move,1571811591,87
1701,1182.4906,627.3497,move,1571811591,87
1702,1198.5717,648.6934,move,1571811592,87
1703,1211.9237,672.76605,move,1571811592,87
1704,1228.9794,703.1735,move,1571811592,87
1705,1244.4756,729.1953,move,1571811592,87
1706,1259.1921,761.55206,move,1571811592,87
1707,1270.3027,787.7688,move,1571811592,87
1708,1278.8793,804.337,move,1571811592,87
1709,1292.1339,828.40955,move,1571811592,87
1710,1297.5917,838.93524,move,1571811592,87
1711,1301.9774,847.8041,move,1571811592,87
1712,1307.0454,850.7279,move,1571811592,87
1713,1307.0454,850.7279,up,1571811592,87
1714,1414.3496,653.76135,down,1571811597,88
1715,1416.3962,656.2953,move,1571811597,88
1716,1409.6715,652.4944,move,1571811597,88
1717,1391.8362,649.1807,move,1571811597,88
1718,1374.0984,643.6255,move,1571811597,88
1719,1338.5251,635.92615,move,1571811597,88
1720,1309.092,628.8116,move,1571811597,88
1721,1292.0364,623.8411,move,1571811597,88
1722,1259.9718,616.5316,move,1571811597,88
1723,1243.9883,614.67993,move,1571811597,88
1724,1225.8606,613.9002,move,1571811597,88
1725,1223.2291,619.2605,move,1571811597,88
1726,1223.2291,619.2605,up,1571811597,88
1727,1174.8887,897.996,down,1571811602,89
1728,1174.8887,897.996,move,1571811602,89
1729,1168.2614,890.9789,move,1571811602,89
1730,1167.8715,885.716,move,1571811602,89
1731,1175.181,872.4615,move,1571811602,89
1732,1182.8805,862.3256,move,1571811603,89
1733,1201.203,849.1685,move,1571811603,89
1734,1217.284,840.2022,move,1571811603,89
1735,1238.8229,831.91815,move,1571811603,89
1736,1257.7302,827.24005,move,1571811603,89
1737,1273.324,825.3883,move,1571811603,89
1738,1302.3673,822.6594,move,1571811603,89
1739,1319.1305,821.6848,move,1571811603,89
1740,1342.9109,820.41785,move,1571811603,89
1741,1367.9583,819.83307,move,1571811603,89
1742,1384.7216,821.97723,move,1571811603,89
1743,1394.955,823.53656,move,1571811603,89
1744,1406.5527,826.16797,move,1571811603,89
1745,1408.5994,828.31213,move,1571811603,89
1746,1408.5994,828.31213,up,1571811603,89
1747,1391.9336,879.9659,down,1571811608,90
1748,1391.9336,879.9659,move,1571811608,90
1749,1387.0605,874.80054,move,1571811608,90
1750,1378.9713,866.5164,move,1571811608,90
1751,1367.5685,858.62213,move,1571811608,90
1752,1351.9747,851.11774,move,1571811608,90
1753,1327.9994,842.1514,move,1571811608,90
1754,1301.1002,835.914,move,1571811608,90
1755,1279.0741,833.1851,move,1571811608,90
1756,1261.5313,832.40546,move,1571811608,90
1757,1228.882,837.0835,move,1571811608,90
1758,1211.6313,845.75745,move,1571811608,90
1759,1194.4783,861.1561,move,1571811608,90
1760,1194.4783,861.1561,up,1571811608,90
1761,1204.4193,870.12244,down,1571811613,91
1762,1204.4193,870.12244,move,1571811613,91
1763,1200.8132,867.491,move,1571811613,91
1764,1199.8386,866.6139,move,1571811613,91
1765,1206.8558,864.27484,move,1571811613,91
1766,1223.5216,859.59674,move,1571811613,91
1767,1238.3356,856.28314,move,1571811613,91
1768,1265.722,853.74915,move,1571811613,91
1769,1281.3158,852.3847,move,1571811613,91
1770,1312.8931,851.4101,move,1571811613,91
1771,1337.2582,851.60504,move,1571811613,91
1772,1356.6528,853.6517,move,1571811613,91
1773,1380.9205,859.10944,move,1571811613,91
1774,1389.9844,863.3977,move,1571811613,91
1775,1401.2899,869.3428,move,1571811613,91
1776,1406.6501,871.3894,move,1571811613,91
1777,1406.6501,871.3894,up,1571811613,91
1778,1333.6521,602.88727,down,1571811618,92
1779,1332.4827,599.76855,move,1571811618,92
1780,1334.3344,597.72186,move,1571811618,92
1781,1332.775,598.4041,move,1571811618,92
1782,1327.1223,599.47614,move,1571811618,92
1783,1321.1771,601.0355,move,1571811618,92
1784,1311.0413,603.66693,move,1571811618,92
1785,1276.0529,609.22217,move,1571811618,92
1786,1237.7509,614.3875,move,1571811618,92
1787,1183.1729,624.0361,move,1571811618,92
1788,1144.481,631.443,move,1571811618,92
1789,1119.726,635.92615,move,1571811618,92
1790,1113.2935,638.2652,move,1571811618,92
1791,1113.2935,638.2652,up,1571811618,92
1792,1132.5907,645.28235,down,1571811623,93
1793,1131.2263,643.5281,move,1571811623,93
1794,1137.2688,646.8417,move,1571811623,93
1795,1145.2606,652.20197,move,1571811624,93
1796,1165.2401,665.1642,move,1571811624,93
1797,1185.2195,674.91016,move,1571811624,93
1798,1214.4578,685.53326,move,1571811624,93
1799,1244.3782,698.9828,move,1571811624,93
1800,1258.8024,708.4364,move,1571811624,93
1801,1274.8833,719.25446,move,1571811624,93
1802,1293.011,728.8055,move,1571811624,93
1803,1308.7021,736.5048,move,1571811624,93
1804,1327.8044,744.78894,move,1571811624,93
1805,1341.449,750.3442,move,1571811624,93
1806,1346.1271,753.1705,move,1571811624,93
1807,1346.1271,753.1705,up,1571811624,93
1808,1185.6094,886.0084,down,1571811628,94
1809,1185.6094,886.0084,move,1571811628,94
1810,1181.4186,886.6906,move,1571811628,94
1811,1179.8591,886.88556,move,1571811628,94
1812,1177.1302,884.5465,move,1571811628,94
1813,1175.181,882.0126,move,1571811628,94
1814,1174.4988,878.50397,move,1571811628,94
1815,1174.9861,869.53766,move,1571811629,94
1816,1176.643,851.7025,move,1571811629,94
1817,1178.8845,832.50287,move,1571811629,94
1818,1181.1261,814.2779,move,1571811629,94
1819,1184.7322,779.972,move,1571811629,94
1820,1188.0459,762.03937,move,1571811629,94
1821,1192.529,743.03467,move,1571811629,94
1822,1199.1564,721.9833,move,1571811629,94
1823,1209.3898,692.94025,move,1571811629,94
1824,1213.5806,679.10095,move,1571811629,94
1825,1218.3562,665.94385,move,1571811629,94
1826,1225.3733,644.9899,move,1571811629,94
1827,1227.9073,636.6084,move,1571811629,94
1828,1228.2971,635.6338,move,1571811629,94
1829,1229.759,637.1932,move,1571811629,94
1830,1229.759,637.1932,up,1571811629,94
1831,1380.1409,880.55066,down,1571811637,95
1832,1380.1409,880.55066,move,1571811637,95
1833,1380.7257,878.40656,move,1571811637,95
1834,1381.3104,877.8218,move,1571811637,95
1835,1373.8059,871.77924,move,1571811637,95
1836,1354.8986,860.7663,move,1571811637,95
1837,1329.3639,847.999,move,1571811638,95
1838,1289.5024,828.1172,move,1571811638,95
1839,1266.1119,816.03217,move,1571811638,95
1840,1227.0302,793.324,move,1571811638,95
1841,1205.9786,781.044,move,1571811638,95
1842,1175.376,766.0352,move,1571811638,95
1843,1161.5365,761.64954,move,1571811638,95
1844,1155.5914,764.37836,move,1571811638,95
1845,1155.5914,764.37836,up,1571811638,95
1846,1379.0688,720.8138,down,1571811643,96
1847,1379.0688,720.8138,move,1571811643,96
1848,1379.1663,717.79254,move,1571811643,96
1849,1378.9713,718.1824,move,1571811643,96
1850,1377.5094,719.35187,move,1571811643,96
1851,1375.6577,719.5468,move,1571811643,96
1852,1373.3186,719.5468,move,1571811643,96
1853,1362.3055,716.23315,move,1571811643,96
1854,1342.9109,707.9491,move,1571811643,96
1855,1317.766,698.5929,move,1571811643,96
1856,1292.9136,690.69867,move,1571811643,96
1857,1244.4756,680.27045,move,1571811643,96
1858,1215.6272,676.1771,move,1571811643,96
1859,1170.6979,674.7152,move,1571811643,96
1860,1152.5702,675.6898,move,1571811643,96
1861,1135.9044,677.05426,move,1571811643,96
1862,1130.2517,680.0755,move,1571811644,96
1863,1130.2517,680.0755,up,1571811644,96
