trial,pattern,x,y,confidence,action,timestamp
1,l,488.5,528.1875,-1,down,1577110892
1,l,484.50317,520.2772,-1,move,1577110892
1,l,483.5,513.19714,-1,move,1577110892
1,l,483.5,506.0965,-1,move,1577110892
1,l,483.5,495.73096,-1,move,1577110892
1,l,485.59644,478.8059,-1,move,1577110892
1,l,489.72412,456.1972,-1,move,1577110892
1,l,491.3954,430.81085,-1,move,1577110892
1,l,495.08154,396.1286,-1,move,1577110892
1,l,496.625,360.34558,-1,move,1577110892
1,l,495.19116,323.1209,-1,move,1577110892
1,l,491.14294,287.39636,-1,move,1577110892
1,l,488.90247,260.77124,-1,move,1577110892
1,l,487.073,232.57147,-1,move,1577110892
1,l,485.8131,212.14276,-1,move,1577110892
1,l,484.56116,196.02075,-1,move,1577110892
1,l,482.6803,180.31885,-1,move,1577110893
1,l,480.92627,167.15588,-1,move,1577110893
1,l,478.8401,148.97424,-1,move,1577110893
1,l,476.9724,135.13293,-1,move,1577110893
1,l,475.859,125.56793,-1,move,1577110893
1,l,472.4298,118.36841,-1,move,1577110893
1,l,469.0426,113.57977,-1,move,1577110893
1,l,461.3142,107.29016,-1,move,1577110893
1,l,456.18335,104.54297,-1,move,1577110893
1,l,447.74695,102.20453,-1,move,1577110893
1,l,440.9983,100.452576,-1,move,1577110893
1,l,429.9037,98.43451,-1,move,1577110893
1,l,416.02283,97.68451,-1,move,1577110893
1,l,400.31714,95.303894,-1,move,1577110893
1,l,380.54614,93.3822,-1,move,1577110893
1,l,359.26184,90.766846,-1,move,1577110893
1,l,328.40808,90.6875,-1,move,1577110893
1,l,296.99878,90.6875,-1,move,1577110893
1,l,262.66016,93.81732,-1,move,1577110893
1,l,225.62695,95.390015,-1,move,1577110893
1,l,195.13562,95.375,-1,move,1577110893
1,l,163.88623,95.375,-1,move,1577110893
1,l,142.26685,90.40387,-1,move,1577110893
1,l,125.219604,87.24524,-1,move,1577110893
1,l,114.499146,84.91583,-1,move,1577110893
1,l,111.625,84.24219,-1,up,1577110893
2,t,491.625,493.03125,3,down,1577110902
2,t,485.87305,484.19952,3,move,1577110902
2,t,484.75,480.00452,3,move,1577110902
2,t,478.52222,474.29517,3,move,1577110902
2,t,472.73254,470.67657,3,move,1577110902
2,t,462.9458,466.93585,3,move,1577110902
2,t,448.56763,459.47974,3,move,1577110902
2,t,433.44324,451.23438,3,move,1577110902
2,t,413.88293,441.90454,3,move,1577110902
2,t,394.35242,431.74817,3,move,1577110902
2,t,369.53406,420.0785,3,move,1577110902
2,t,342.69788,406.00775,3,move,1577110902
2,t,310.71533,394.01825,3,move,1577110902
2,t,279.50146,379.3947,3,move,1577110902
2,t,249.6803,367.27063,3,move,1577110902
2,t,214.98572,352.15784,3,move,1577110902
2,t,191.1742,339.31036,3,move,1577110902
2,t,164.68054,325.74774,3,move,1577110902
2,t,144.01404,315.00238,3,move,1577110902
2,t,131.49585,307.01306,3,move,1577110902
2,t,121.64282,301.24554,3,move,1577110902
2,t,114.30835,297.05212,3,move,1577110902
2,t,110.098145,293.5818,3,move,1577110902
2,t,105.90527,289.39722,3,move,1577110902
2,t,104.125,284.77582,3,move,1577110902
2,t,104.125,280.7047,3,move,1577110902
2,t,104.125,274.0041,3,move,1577110902
2,t,104.125,264.66986,3,move,1577110902
2,t,104.125,246.73059,3,move,1577110902
2,t,104.125,225.62463,3,move,1577110902
2,t,108.4906,202.42987,3,move,1577110903
2,t,108.5,177.35956,3,move,1577110903
2,t,108.5,152.69183,3,move,1577110903
2,t,108.5,129.52954,3,move,1577110903
2,t,108.5,112.12689,3,move,1577110903
2,t,108.5,97.82477,3,move,1577110903
2,t,108.5,88.9895,3,move,1577110903
2,t,108.5,83.71759,3,move,1577110903
2,t,108.5,78.70398,3,move,1577110903
2,t,108.5,77.6084,3,up,1577110903
3,l,483.5,539.125,3,down,1577110908
3,l,483.5,532.2759,3,move,1577110908
3,l,483.5,526.0941,3,move,1577110908
3,l,482.01868,517.2069,3,move,1577110908
3,l,478.70337,497.6352,3,move,1577110908
3,l,477.41345,472.677,3,move,1577110908
3,l,476.625,444.5725,3,move,1577110908
3,l,476.625,414.74817,3,move,1577110908
3,l,476.625,380.90222,3,move,1577110908
3,l,476.625,342.71973,3,move,1577110908
3,l,480.79102,306.72064,3,move,1577110908
3,l,482.0476,279.24695,3,move,1577110908
3,l,483.30786,258.2934,3,move,1577110908
3,l,483.849,243.138,3,move,1577110908
3,l,484.49963,227.8794,3,move,1577110908
3,l,484.75,214.07861,3,move,1577110908
3,l,484.75,202.13281,3,move,1577110908
3,l,484.75,192.92981,3,move,1577110908
3,l,484.75,186.64392,3,move,1577110908
3,l,484.75,181.63666,3,move,1577110908
3,l,482.4275,177.54126,3,move,1577110909
3,l,478.13843,174.63098,3,move,1577110909
3,l,471.45435,171.47577,3,move,1577110909
3,l,462.04004,169.67639,3,move,1577110909
3,l,449.56165,167.52716,3,move,1577110909
3,l,433.8081,164.3891,3,move,1577110909
3,l,414.84924,160.30957,3,move,1577110909
3,l,393.8971,154.65118,3,move,1577110909
3,l,374.03113,150.30334,3,move,1577110909
3,l,347.2843,141.6034,3,move,1577110909
3,l,320.99182,135.5888,3,move,1577110909
3,l,295.75793,129.28375,3,move,1577110909
3,l,270.44983,122.12494,3,move,1577110909
3,l,246.82117,115.99658,3,move,1577110909
3,l,217.64282,106.72095,3,move,1577110909
3,l,193.50037,97.0896,3,move,1577110909
3,l,170.17969,87.85687,3,move,1577110909
3,l,149.23584,81.54242,3,move,1577110909
3,l,135.26404,77.605225,3,move,1577110909
3,l,118.98132,72.63428,3,move,1577110909
3,l,111.9375,71.35156,3,move,1577110909
3,l,111.9375,71.35156,3,up,1577110909
4,v,490.375,514.90625,3,down,1577110914
4,v,500.12244,504.91052,3,move,1577110914
4,v,502.47925,497.8551,3,move,1577110914
4,v,503.62378,485.6209,3,move,1577110914
4,v,503.5,472.1129,3,move,1577110914
4,v,503.5,445.5703,3,move,1577110914
4,v,503.5,422.79828,3,move,1577110914
4,v,499.75,393.53986,3,move,1577110915
4,v,499.75,364.00793,3,move,1577110915
4,v,499.75,332.23535,3,move,1577110915
4,v,505.0559,295.86505,3,move,1577110915
4,v,506.42163,256.22974,3,move,1577110915
4,v,508.07275,222.8324,3,move,1577110915
4,v,509.31873,192.99805,3,move,1577110915
4,v,509.125,174.68066,3,move,1577110915
4,v,509.125,162.09705,3,move,1577110915
4,v,509.125,149.39343,3,move,1577110915
4,v,509.125,140.46655,3,move,1577110915
4,v,509.125,133.71106,3,move,1577110915
4,v,503.80737,126.71155,3,move,1577110915
4,v,501.2865,121.799255,3,move,1577110915
4,v,493.87463,117.093506,3,move,1577110915
4,v,486.27148,116.078125,3,move,1577110915
4,v,476.32727,115.25964,3,move,1577110915
4,v,466.15784,114.90625,3,move,1577110915
4,v,453.53564,114.90625,3,move,1577110915
4,v,440.28833,114.90625,3,move,1577110915
4,v,421.13623,117.51105,3,move,1577110915
4,v,400.297,120.77997,3,move,1577110915
4,v,375.06458,125.1087,3,move,1577110915
4,v,350.0703,130.21082,3,move,1577110915
4,v,318.44275,137.96552,3,move,1577110915
4,v,287.84802,145.93164,3,move,1577110915
4,v,257.71753,153.305,3,move,1577110915
4,v,222.67566,162.26813,3,move,1577110915
4,v,194.79395,170.1958,3,move,1577110915
4,v,166.5769,176.51025,3,move,1577110915
4,v,146.31226,180.47919,3,move,1577110915
4,v,130.41602,182.7597,3,move,1577110915
4,v,117.93579,184.3899,3,move,1577110915
4,v,111.84033,184.78326,3,move,1577110915
4,v,110.6875,185.02344,3,up,1577110915
5,v,503.5,518.4219,3,down,1577110927
5,v,492.81738,510.1737,3,move,1577110927
5,v,489.71094,505.8487,3,move,1577110927
5,v,485.41553,498.26154,3,move,1577110927
5,v,483.97717,490.15405,3,move,1577110927
5,v,482.72644,475.1582,3,move,1577110927
5,v,481.46484,454.98114,3,move,1577110927
5,v,480.3418,431.8001,3,move,1577110927
5,v,479.1123,401.7066,3,move,1577110927
5,v,477.16785,366.0103,3,move,1577110927
5,v,477.25,329.6377,3,move,1577110927
5,v,477.25,287.6147,3,move,1577110927
5,v,477.25,246.8291,3,move,1577110927
5,v,477.25,202.7887,3,move,1577110927
5,v,477.25,170.37231,3,move,1577110927
5,v,477.25,146.69067,3,move,1577110927
5,v,477.25,127.658875,3,move,1577110927
5,v,477.25,112.03937,3,move,1577110927
5,v,477.25,96.68799,3,move,1577110927
5,v,477.25,86.479065,3,move,1577110927
5,v,477.25,77.8363,3,move,1577110927
5,v,475.36206,71.90912,3,move,1577110927
5,v,469.85706,66.535706,3,move,1577110927
5,v,463.06165,68.96985,3,move,1577110928
5,v,455.65076,74.0802,3,move,1577110928
5,v,445.78943,80.19104,3,move,1577110928
5,v,432.3568,89.123474,3,move,1577110928
5,v,413.85425,98.46655,3,move,1577110928
5,v,395.61255,107.60156,3,move,1577110928
5,v,371.1819,118.67554,3,move,1577110928
5,v,349.8811,128.16718,3,move,1577110928
5,v,320.40686,140.48059,3,move,1577110928
5,v,293.13135,151.15747,3,move,1577110928
5,v,263.83508,162.6206,3,move,1577110928
5,v,236.83386,172.41284,3,move,1577110928
5,v,210.33105,180.48499,3,move,1577110928
5,v,183.83643,188.50159,3,move,1577110928
5,v,160.86194,194.49707,3,move,1577110928
5,v,143.35559,198.66785,3,move,1577110928
5,v,131.922,201.65308,3,move,1577110928
5,v,124.17749,203.2525,3,move,1577110928
5,v,121.3125,203.96875,3,up,1577110928
6,c,86.625,494.59375,3,down,1577110934
6,c,80.375,487.16718,3,move,1577110934
6,c,89.40625,478.43817,3,move,1577110934
6,c,99.78418,471.5255,3,move,1577110934
6,c,111.76868,461.82513,3,move,1577110934
6,c,127.065796,448.42676,3,move,1577110934
6,c,147.85583,432.1875,3,move,1577110934
6,c,174.4259,410.52484,3,move,1577110934
6,c,206.88513,383.89087,3,move,1577110934
6,c,242.23792,352.20868,3,move,1577110934
6,c,282.78284,314.9563,3,move,1577110934
6,c,317.29968,283.5628,3,move,1577110934
6,c,353.33044,252.34253,3,move,1577110934
6,c,383.89465,228.09106,3,move,1577110934
6,c,409.75012,208.69958,3,move,1577110934
6,c,432.7998,193.36365,3,move,1577110934
6,c,452.45947,180.71649,3,move,1577110934
6,c,466.9663,170.22083,3,move,1577110934
6,c,476.93945,161.8634,3,move,1577110935
6,c,483.26416,156.2038,3,move,1577110935
6,c,487.25,150.44275,3,move,1577110935
6,c,480.0813,148.5,3,move,1577110935
6,c,469.28882,148.5,3,move,1577110935
6,c,454.37183,147.65234,3,move,1577110935
6,c,436.05615,146.7749,3,move,1577110935
6,c,411.13904,144.34479,3,move,1577110935
6,c,384.56653,140.08801,3,move,1577110935
6,c,356.79065,135.8064,3,move,1577110935
6,c,325.8933,130.91895,3,move,1577110935
6,c,299.00964,125.93622,3,move,1577110935
6,c,268.8059,120.12982,3,move,1577110935
6,c,245.05627,116.056335,3,move,1577110935
6,c,224.04736,111.63812,3,move,1577110935
6,c,205.40088,107.490845,3,move,1577110935
6,c,194.61646,104.09601,3,move,1577110935
6,c,186.39404,100.39789,3,move,1577110935
6,c,183.5,96.74219,3,up,1577110935
7,l,483.5,483.26563,3,down,1577110940
7,l,483.5,475.68652,3,move,1577110940
7,l,479.75525,471.15735,3,move,1577110940
7,l,479.75,464.68,3,move,1577110940
7,l,478.9215,459.32837,3,move,1577110940
7,l,478.5,451.48334,3,move,1577110940
7,l,477.1255,438.73932,3,move,1577110940
7,l,475.26758,422.8717,3,move,1577110940
7,l,474.64063,403.04047,3,move,1577110940
7,l,474.0027,378.55212,3,move,1577110940
7,l,474.125,351.2826,3,move,1577110940
7,l,474.125,316.38245,3,move,1577110941
7,l,474.125,287.08075,3,move,1577110941
7,l,474.125,261.4439,3,move,1577110941
7,l,474.125,241.20026,3,move,1577110941
7,l,478.5,227.21582,3,move,1577110941
7,l,479.7854,214.59607,3,move,1577110941
7,l,480.41235,205.25134,3,move,1577110941
7,l,481,197.46875,3,move,1577110941
7,l,481.6764,190.82129,3,move,1577110941
7,l,481.625,186.2215,3,move,1577110941
7,l,481.625,179.39758,3,move,1577110941
7,l,477.35657,175.91034,3,move,1577110941
7,l,470.64966,172.06628,3,move,1577110941
7,l,464.51868,169.32611,3,move,1577110941
7,l,457.0752,166.58936,3,move,1577110941
7,l,447.83508,163.03522,3,move,1577110941
7,l,436.73083,157.68695,3,move,1577110941
7,l,423.54224,153.164,3,move,1577110941
7,l,406.20105,146.00287,3,move,1577110941
7,l,388.21802,139.26538,3,move,1577110941
7,l,367.60303,133.39966,3,move,1577110941
7,l,343.46057,125.397705,3,move,1577110941
7,l,317.15076,117.07019,3,move,1577110941
7,l,290.6836,108.90137,3,move,1577110941
7,l,261.9453,100.26819,3,move,1577110941
7,l,236.19409,92.175415,3,move,1577110941
7,l,205.7201,84.41736,3,move,1577110941
7,l,177.44116,77.351074,3,move,1577110941
7,l,151.2019,70.2431,3,move,1577110941
7,l,127.767456,63.505432,3,move,1577110941
7,l,110.82483,58.6015,3,move,1577110941
7,l,97.05762,53.297607,3,move,1577110941
7,l,91.9375,50.453125,3,move,1577110941
7,l,91.9375,50.453125,3,up,1577110941
8,c,114.125,445.375,3,down,1577110946
8,c,122.971436,436.45917,3,move,1577110946
8,c,138.06213,430.82886,3,move,1577110946
8,c,154.99377,424.8786,3,move,1577110946
8,c,175.37305,417.25073,3,move,1577110946
8,c,208.68384,404.79962,3,move,1577110946
8,c,241.4729,393.3907,3,move,1577110946
8,c,277.5686,380.82233,3,move,1577110946
8,c,315.099,369.09406,3,move,1577110946
8,c,351.16272,357.56598,3,move,1577110946
8,c,392.53894,344.38208,3,move,1577110947
8,c,427.7412,333.26257,3,move,1577110947
8,c,457.912,324.30518,3,move,1577110947
8,c,483.359,317.17657,3,move,1577110947
8,c,501.453,312.0968,3,move,1577110947
8,c,515.093,308.60437,3,move,1577110947
8,c,521.90674,306.3631,3,move,1577110947
8,c,525.95935,305.28778,3,move,1577110947
8,c,528.5,298.44696,3,move,1577110947
8,c,519.6697,293.19537,3,move,1577110947
8,c,506.9137,285.7898,3,move,1577110947
8,c,494.49902,276.1867,3,move,1577110947
8,c,478.74768,265.02734,3,move,1577110947
8,c,455.4148,248.82092,3,move,1577110947
8,c,433.589,230.1756,3,move,1577110947
8,c,407.7306,211.52637,3,move,1577110947
8,c,383.34155,193.20178,3,move,1577110947
8,c,356.87646,176.00092,3,move,1577110947
8,c,327.74878,159.03503,3,move,1577110947
8,c,300.62988,144.00452,3,move,1577110947
8,c,277.5398,131.193,3,move,1577110947
8,c,256.35352,121.54199,3,move,1577110947
8,c,241.62085,114.42346,3,move,1577110947
8,c,224.16638,107.11096,3,move,1577110947
8,c,210.38477,101.23926,3,move,1577110947
8,c,199.08069,94.95325,3,move,1577110947
8,c,194.4375,90.88281,3,move,1577110947
8,c,194.4375,90.88281,3,up,1577110947
9,l,491,491.85938,3,down,1577110953
9,l,485.375,482.96918,3,move,1577110953
9,l,485.375,476.2503,3,move,1577110953
9,l,485.375,466.25702,3,move,1577110953
9,l,485.375,452.96753,3,move,1577110953
9,l,485.375,431.8172,3,move,1577110953
9,l,485.375,410.23468,3,move,1577110953
9,l,485.375,383.38336,3,move,1577110953
9,l,484.75,354.654,3,move,1577110953
9,l,484.75,323.81744,3,move,1577110953
9,l,484.75,295.35248,3,move,1577110953
9,l,484.75,268.65887,3,move,1577110953
9,l,488.5,245.4884,3,move,1577110953
9,l,488.5,226.73267,3,move,1577110953
9,l,488.5,212.59326,3,move,1577110953
9,l,488.5,201.98914,3,move,1577110953
9,l,488.5,195.05511,3,move,1577110953
9,l,484.38867,188.94165,3,move,1577110953
9,l,483.13123,184.45685,3,move,1577110953
9,l,478.985,178.16412,3,move,1577110953
9,l,474.84705,174.943,3,move,1577110953
9,l,468.46313,171.14087,3,move,1577110953
9,l,459.99487,168.20844,3,move,1577110953
9,l,449.72437,165.09155,3,move,1577110953
9,l,438.06018,160.3634,3,move,1577110953
9,l,423.15576,155.54675,3,move,1577110953
9,l,402.69568,147.70721,3,move,1577110953
9,l,380.2771,138.81396,3,move,1577110953
9,l,353.62,130.02936,3,move,1577110953
9,l,323.68677,120.586365,3,move,1577110953
9,l,298.56628,113.16913,3,move,1577110953
9,l,262.73157,104.05786,3,move,1577110953
9,l,233.5763,96.51459,3,move,1577110953
9,l,202.15466,87.2113,3,move,1577110953
9,l,176.93176,79.2113,3,move,1577110953
9,l,156.44604,73.05347,3,move,1577110953
9,l,139.76563,66.90106,3,move,1577110953
9,l,129.7887,62.30426,3,move,1577110953
9,l,126.3125,60.023438,3,up,1577110953
10,t,524.75,529.75,3,down,1577110959
10,t,515.7284,519.5713,3,move,1577110959
10,t,511.1958,514.10156,3,move,1577110959
10,t,503.39844,508.59277,3,move,1577110959
10,t,495.14978,504.60925,3,move,1577110959
10,t,486.66797,499.3081,3,move,1577110959
10,t,471.03894,492.21045,3,move,1577110959
10,t,453.6112,484.0456,3,move,1577110959
10,t,435.42505,473.11426,3,move,1577110959
10,t,412.13147,459.36346,3,move,1577110959
10,t,392.30615,444.5932,3,move,1577110959
10,t,362.84534,426.1657,3,move,1577110959
10,t,335.3672,408.26074,3,move,1577110959
10,t,306.49878,391.73297,3,move,1577110960
10,t,278.01477,374.71783,3,move,1577110960
10,t,252.35974,359.50604,3,move,1577110960
10,t,226.73157,343.7976,3,move,1577110960
10,t,205.01855,332.02515,3,move,1577110960
10,t,187.5299,323.1372,3,move,1577110960
10,t,170.74536,316.31073,3,move,1577110960
10,t,156.64807,311.06787,3,move,1577110960
10,t,143.2472,305.5385,3,move,1577110960
10,t,133.9541,301.01514,3,move,1577110960
10,t,127.92383,297.0733,3,move,1577110960
10,t,123.8363,294.2329,3,move,1577110960
10,t,119.75,289.544,3,move,1577110960
10,t,118.71094,283.27527,3,move,1577110960
10,t,118.5,276.10675,3,move,1577110960
10,t,118.5,264.68958,3,move,1577110960
10,t,118.5,248.46777,3,move,1577110960
10,t,118.14661,227.47089,3,move,1577110960
10,t,117.875,202.41461,3,move,1577110960
10,t,117.875,176.29962,3,move,1577110960
10,t,117.875,150.84375,3,move,1577110960
10,t,117.875,125.443665,3,move,1577110960
10,t,117.875,103.34375,3,move,1577110960
10,t,116.9259,87.23016,3,move,1577110960
10,t,115.67175,75.335266,3,move,1577110960
10,t,115.375,67.25,3,move,1577110960
10,t,112.875,60.660217,3,move,1577110960
10,t,112.875,58.851563,3,up,1577110960
11,l,519.125,508.26563,3,down,1577110965
11,l,514.75,498.75732,3,move,1577110965
11,l,514.75,489.70715,3,move,1577110965
11,l,514.3109,481.2608,3,move,1577110965
11,l,511.58057,466.59564,3,move,1577110965
11,l,509.72656,445.31195,3,move,1577110965
11,l,507.83936,424.04816,3,move,1577110965
11,l,506.5923,395.33887,3,move,1577110965
11,l,506,368.43066,3,move,1577110965
11,l,506,338.1919,3,move,1577110965
11,l,506,315.17523,3,move,1577110965
11,l,506,291.95862,3,move,1577110965
11,l,506,274.55786,3,move,1577110965
11,l,505.4486,258.54224,3,move,1577110965
11,l,504.81543,244.19855,3,move,1577110965
11,l,502.9325,231.46082,3,move,1577110965
11,l,501.67896,222.27502,3,move,1577110965
11,l,498.08215,214.80688,3,move,1577110965
11,l,493.87964,209.60052,3,move,1577110965
11,l,489.63232,204.13306,3,move,1577110965
11,l,485.18616,198.19574,3,move,1577110965
11,l,478.60046,192.70337,3,move,1577110965
11,l,468.17383,187.12769,3,move,1577110965
11,l,454.99915,181.80695,3,move,1577110965
11,l,439.912,174.08868,3,move,1577110965
11,l,422.45984,166.82275,3,move,1577110965
11,l,402.59924,159.49036,3,move,1577110965
11,l,379.9319,150.42816,3,move,1577110965
11,l,356.5504,140.85632,3,move,1577110965
11,l,330.4889,128.80096,3,move,1577110965
11,l,304.89197,118.13312,3,move,1577110965
11,l,279.02222,107.184204,3,move,1577110965
11,l,253.18787,94.82178,3,move,1577110965
11,l,232.10205,83.44098,3,move,1577110965
11,l,208.9154,71.97522,3,move,1577110965
11,l,190.40308,62.428467,3,move,1577110965
11,l,174.48047,54.526,3,move,1577110965
11,l,162.49512,48.602173,3,move,1577110965
11,l,154.20178,43.28253,3,move,1577110965
11,l,148.5,38.929688,3,move,1577110965
11,l,148.5,38.929688,3,up,1577110965
12,t,527.25,471.9375,3,down,1577110974
12,t,516.4658,467.5763,3,move,1577110974
12,t,509.17834,464.9229,3,move,1577110974
12,t,499.54004,462.17145,3,move,1577110974
12,t,490.76318,458.38312,3,move,1577110974
12,t,477.2827,454.04907,3,move,1577110974
12,t,462.4557,448.127,3,move,1577110974
12,t,444.35596,439.0368,3,move,1577110974
12,t,423.75818,428.61157,3,move,1577110974
12,t,401.3673,417.6364,3,move,1577110974
12,t,376.81177,405.60718,3,move,1577110974
12,t,353.98987,395.80615,3,move,1577110974
12,t,325.16956,381.88428,3,move,1577110974
12,t,298.3789,370.67358,3,move,1577110974
12,t,272.50916,360.08966,3,move,1577110975
12,t,248.34106,349.99628,3,move,1577110975
12,t,229.05408,343.00775,3,move,1577110975
12,t,205.82117,336.53003,3,move,1577110975
12,t,187.77332,330.25177,3,move,1577110975
12,t,170.86511,324.43445,3,move,1577110975
12,t,157.8512,320.17224,3,move,1577110975
12,t,147.59045,316.96576,3,move,1577110975
12,t,139.82458,313.77167,3,move,1577110975
12,t,134.72437,310.20276,3,move,1577110975
12,t,130.35461,301.52332,3,move,1577110975
12,t,129.20117,296.1938,3,move,1577110975
12,t,128.54614,284.89844,3,move,1577110975
12,t,128.5,265.97406,3,move,1577110975
12,t,128.5,242.9574,3,move,1577110975
12,t,128.5,214.32666,3,move,1577110975
12,t,128.5,186.71118,3,move,1577110975
12,t,128.5,157.74402,3,move,1577110975
12,t,128.5,133.34161,3,move,1577110975
12,t,128.5,111.465515,3,move,1577110975
12,t,128.5,92.943115,3,move,1577110975
12,t,128.5,80.73566,3,move,1577110975
12,t,131.42822,71.9267,3,move,1577110975
12,t,132.74854,66.864075,3,move,1577110975
12,t,136,68.03125,3,up,1577110975
13,l,481,484.04688,3,down,1577110980
13,l,481,474.39935,3,move,1577110980
13,l,481,466.37347,3,move,1577110980
13,l,481,450.7126,3,move,1577110980
13,l,481,429.73767,3,move,1577110980
13,l,481,403.00555,3,move,1577110980
13,l,475.91833,374.86926,3,move,1577110980
13,l,476.4281,344.87122,3,move,1577110980
13,l,476.625,310.15283,3,move,1577110980
13,l,481.61255,273.17163,3,move,1577110980
13,l,485.5586,238.77069,3,move,1577110980
13,l,489.28162,215.48499,3,move,1577110980
13,l,489.75,200.77972,3,move,1577110980
13,l,489.75,191.59564,3,move,1577110980
13,l,489.75,186.5686,3,move,1577110980
13,l,489.75,182.37335,3,move,1577110981
13,l,484.65442,179.03772,3,move,1577110981
13,l,480.0642,174.08704,3,move,1577110981
13,l,475.4496,171.73108,3,move,1577110981
13,l,469.17957,168.52728,3,move,1577110981
13,l,461.2638,166.37201,3,move,1577110981
13,l,449.40918,164.45172,3,move,1577110981
13,l,434.5464,161.6333,3,move,1577110981
13,l,414.11,158.88043,3,move,1577110981
13,l,390.16577,155.82257,3,move,1577110981
13,l,362.10535,151.31519,3,move,1577110981
13,l,330.56384,144.24854,3,move,1577110981
13,l,297.19104,136.76709,3,move,1577110981
13,l,264.00696,128.9375,3,move,1577110981
13,l,231.86609,119.48712,3,move,1577110981
13,l,202.96558,112.14551,3,move,1577110981
13,l,175.7085,105.03528,3,move,1577110981
13,l,152.2909,96.42554,3,move,1577110981
13,l,135.9718,88.6546,3,move,1577110981
13,l,126.23157,82.999084,3,move,1577110981
13,l,123.8125,81.703125,3,up,1577110981
14,f,98.5,412.5625,3,down,1577110986
14,f,119.090576,412.5625,3,move,1577110986
14,f,135.63367,418.89337,3,move,1577110986
14,f,155.3584,424.667,3,move,1577110986
14,f,185.45508,434.0719,3,move,1577110986
14,f,224.79211,448.9967,3,move,1577110986
14,f,262.68933,461.95972,3,move,1577110986
14,f,300.09473,475.68787,3,move,1577110986
14,f,332.66858,485.8617,3,move,1577110986
14,f,370.23206,501.3615,3,move,1577110986
14,f,397.3236,510.49756,3,move,1577110986
14,f,419.64294,517.6072,3,move,1577110986
14,f,436.75635,521.3982,3,move,1577110986
14,f,448.61768,524.0454,3,move,1577110986
14,f,460.2688,525.5425,3,move,1577110986
14,f,466.72595,525.4531,3,move,1577110986
14,f,473.18713,518.42285,3,move,1577110986
14,f,474.812,507.93646,3,move,1577110986
14,f,476.8047,483.86914,3,move,1577110986
14,f,477.96582,451.1377,3,move,1577110986
14,f,479.32227,412.153,3,move,1577110986
14,f,479.85132,363.649,3,move,1577110986
14,f,479.75,323.20367,3,move,1577110986
14,f,479.75,276.0432,3,move,1577110986
14,f,475.77063,235.07623,3,move,1577110986
14,f,475.3147,195.20447,3,move,1577110986
14,f,475.375,165.70172,3,move,1577110986
14,f,475.375,145.91681,3,move,1577110986
14,f,475.375,126.4718,3,move,1577110986
14,f,475.375,114.73279,3,move,1577110986
14,f,475.375,106.88995,3,move,1577110986
14,f,475.375,99.79724,3,move,1577110986
14,f,475.375,99.79724,3,up,1577110986
15,r,464.125,122.328125,3,down,1577110991
15,r,459.3694,115.1098,3,move,1577110991
15,r,455.6875,110.609375,3,move,1577110991
15,r,456,116.87543,3,move,1577110991
15,r,461.18298,122.74109,3,move,1577110991
15,r,463.4756,134.48651,3,move,1577110991
15,r,467.96948,149.68896,3,move,1577110991
15,r,473.69324,170.57397,3,move,1577110991
15,r,478.07983,200.56305,3,move,1577110991
15,r,480.79175,238.21466,3,move,1577110991
15,r,483.81946,283.98602,3,move,1577110991
15,r,486.29712,322.39496,3,move,1577110991
15,r,488.17578,359.55792,3,move,1577110991
15,r,489.28284,389.64972,3,move,1577110991
15,r,490.53723,412.47845,3,move,1577110991
15,r,492.46838,431.5924,3,move,1577110991
15,r,494.22778,445.6853,3,move,1577110991
15,r,495.47852,456.37195,3,move,1577110991
15,r,496.10828,463.9525,3,move,1577110991
15,r,496,469.26752,3,move,1577110991
15,r,490.25403,473.5,3,move,1577110992
15,r,479.28882,470.0868,3,move,1577110992
15,r,467.19067,466.84393,3,move,1577110992
15,r,448.37024,461.35278,3,move,1577110992
15,r,421.3158,454.2708,3,move,1577110992
15,r,394.9452,446.82074,3,move,1577110992
15,r,362.24292,439.351,3,move,1577110992
15,r,326.8208,427.81696,3,move,1577110992
15,r,293.24646,416.0434,3,move,1577110992
15,r,259.70654,403.44495,3,move,1577110992
15,r,231.42993,390.11047,3,move,1577110992
15,r,206.65869,379.25043,3,move,1577110992
15,r,187.89612,368.38208,3,move,1577110992
15,r,170.01953,359.12927,3,move,1577110992
15,r,155.48584,350.8294,3,move,1577110992
15,r,145.17126,344.85706,3,move,1577110992
15,r,139.32959,340.81537,3,move,1577110992
15,r,137.25,338.34375,3,up,1577110992
16,l,486.625,496.15625,3,down,1577110997
16,l,486.625,489.6068,3,move,1577110997
16,l,486.625,484.6012,3,move,1577110997
16,l,486.625,474.90192,3,move,1577110997
16,l,494.599,461.00726,3,move,1577110997
16,l,497.55566,439.6269,3,move,1577110997
16,l,497.875,418.19153,3,move,1577110997
16,l,491.80432,395.4356,3,move,1577110997
16,l,487.85828,365.5622,3,move,1577110997
16,l,485.57007,339.63544,3,move,1577110997
16,l,483.88623,311.2096,3,move,1577110997
16,l,482.63354,287.78473,3,move,1577110997
16,l,481.5171,271.23486,3,move,1577110997
16,l,480.82056,257.25293,3,move,1577110997
16,l,479.56763,249.31293,3,move,1577110997
16,l,478.31262,243.2663,3,move,1577110997
16,l,475.63196,238.43481,3,move,1577110997
16,l,470.68555,234.20166,3,move,1577110997
16,l,460.78943,227.3399,3,move,1577110997
16,l,449.2749,220.93573,3,move,1577110997
16,l,438.53662,214.14789,3,move,1577110997
16,l,424.37927,207.91956,3,move,1577110997
16,l,408.08484,199.85492,3,move,1577110997
16,l,389.1565,188.80841,3,move,1577110997
16,l,362.90405,176.19153,3,move,1577110997
16,l,336.97864,163.99158,3,move,1577110997
16,l,307.9867,150.89612,3,move,1577110997
16,l,283.17603,139.64105,3,move,1577110997
16,l,252.18274,125.904724,3,move,1577110997
16,l,224.46289,113.717834,3,move,1577110997
16,l,198.67444,102.19873,3,move,1577110997
16,l,175.13403,90.687195,3,move,1577110998
16,l,155.0924,81.77484,3,move,1577110998
16,l,139.27673,73.19556,3,move,1577110998
16,l,130.6875,69.59375,3,move,1577110998
16,l,130.6875,69.59375,3,up,1577110998
17,a,531.625,180.92188,3,down,1577111002
17,a,518.7229,187.24652,3,move,1577111002
17,a,508.56323,194.46307,3,move,1577111002
17,a,496.13953,204.01166,3,move,1577111002
17,a,477.7777,215.44116,3,move,1577111002
17,a,455.59802,228.7962,3,move,1577111002
17,a,429.51526,243.59296,3,move,1577111002
17,a,402.50537,261.2071,3,move,1577111002
17,a,370.66248,281.12598,3,move,1577111002
17,a,340.0221,300.68024,3,move,1577111002
17,a,306.85132,322.06726,3,move,1577111002
17,a,267.2898,347.6939,3,move,1577111002
17,a,235.69067,370.846,3,move,1577111002
17,a,205.15637,392.98785,3,move,1577111002
17,a,181.349,411.82562,3,move,1577111002
17,a,160.19629,427.2619,3,move,1577111002
17,a,142.82556,440.51373,3,move,1577111002
17,a,132.98853,449.40314,3,move,1577111002
17,a,125.875854,454.437,3,move,1577111002
17,a,120.65991,457.30634,3,move,1577111002
17,a,114.42981,457.875,3,move,1577111002
17,a,113.026,452.5818,3,move,1577111002
17,a,112.875,446.91016,3,move,1577111002
17,a,112.875,438.64,3,move,1577111002
17,a,112.875,426.26074,3,move,1577111003
17,a,115.392334,405.22046,3,move,1577111003
17,a,117.67285,380.79388,3,move,1577111003
17,a,118.5,350.07587,3,move,1577111003
17,a,119.125,311.09778,3,move,1577111003
17,a,119.125,268.69775,3,move,1577111003
17,a,119.125,216.42578,3,move,1577111003
17,a,119.125,176.74475,3,move,1577111003
17,a,119.75,148.95715,3,move,1577111003
17,a,120.375,131.74786,3,move,1577111003
17,a,121,120.87317,3,move,1577111003
17,a,121.32141,112.0824,3,move,1577111003
17,a,121.9375,105.921875,3,move,1577111003
17,a,121.9375,105.921875,3,up,1577111003
18,c,87.25,482.48438,3,down,1577111009
18,c,103.815186,475.84253,3,move,1577111009
18,c,122.365234,466.99463,3,move,1577111010
18,c,148.39856,451.30408,3,move,1577111010
18,c,181.19238,429.62976,3,move,1577111010
18,c,223.15576,401.5617,3,move,1577111010
18,c,265.22107,374.3775,3,move,1577111010
18,c,306.36816,348.3794,3,move,1577111010
18,c,342.4093,326.41742,3,move,1577111010
18,c,378.16638,306.59912,3,move,1577111010
18,c,406.40942,290.6635,3,move,1577111010
18,c,433.23328,275.18463,3,move,1577111010
18,c,456.02454,262.79224,3,move,1577111010
18,c,472.04858,253.03198,3,move,1577111010
18,c,485.23303,244.82257,3,move,1577111010
18,c,493.10803,238.62848,3,move,1577111010
18,c,497.58704,232.78296,3,move,1577111010
18,c,497.875,228.0802,3,move,1577111010
18,c,494.80457,223.78314,3,move,1577111010
18,c,487.40698,217.66101,3,move,1577111010
18,c,475.56445,210.26447,3,move,1577111010
18,c,454.52393,198.74927,3,move,1577111010
18,c,427.8689,185.87714,3,move,1577111010
18,c,397.42908,171.56775,3,move,1577111010
18,c,363.43762,156.44843,3,move,1577111010
18,c,334.79358,142.58844,3,move,1577111010
18,c,298.17188,124.54419,3,move,1577111010
18,c,267.51978,110.12836,3,move,1577111010
18,c,243.69153,97.90924,3,move,1577111010
18,c,222.64929,88.89917,3,move,1577111010
18,c,206.31433,83.55914,3,move,1577111010
18,c,194.51514,78.77936,3,move,1577111010
18,c,188.35486,75.60309,3,move,1577111010
18,c,188.35486,75.60309,3,up,1577111010
19,v,476.625,517.6406,3,down,1577111015
19,v,467.6515,509.26947,3,move,1577111015
19,v,467.875,504.2364,3,move,1577111015
19,v,467.875,497.03705,3,move,1577111015
19,v,467.875,487.5553,3,move,1577111015
19,v,467.531,474.6692,3,move,1577111015
19,v,465.31348,452.5337,3,move,1577111015
19,v,463.5,424.7854,3,move,1577111015
19,v,462.25,385.35876,3,move,1577111015
19,v,461.90198,343.30914,3,move,1577111015
19,v,461.625,305.53125,3,move,1577111015
19,v,463.55627,267.5213,3,move,1577111015
19,v,467.49536,233.61609,3,move,1577111015
19,v,471.25537,205.31445,3,move,1577111015
19,v,474.09375,182.75757,3,move,1577111015
19,v,474.75,163.72656,3,move,1577111015
19,v,475.375,150.2779,3,move,1577111015
19,v,475.375,139.38208,3,move,1577111015
19,v,473.615,130.7558,3,move,1577111016
19,v,468.6178,123.40393,3,move,1577111016
19,v,465.22192,118.23047,3,move,1577111016
19,v,457.90515,114.00104,3,move,1577111016
19,v,452.67163,113.214294,3,move,1577111016
19,v,446.88855,113.34375,3,move,1577111016
19,v,439.87073,116.39331,3,move,1577111016
19,v,431.6189,119.20502,3,move,1577111016
19,v,417.15527,122.801575,3,move,1577111016
19,v,398.0387,128.96625,3,move,1577111016
19,v,370.63855,139.73041,3,move,1577111016
19,v,339.0714,151.65936,3,move,1577111016
19,v,303.27454,167.13165,3,move,1577111016
19,v,263.79724,183.41638,3,move,1577111016
19,v,227.43518,196.21362,3,move,1577111016
19,v,193.85742,207.84485,3,move,1577111016
19,v,162.10095,216.66968,3,move,1577111016
19,v,141.68176,223.0697,3,move,1577111016
19,v,125.21387,227.61096,3,move,1577111016
19,v,112.8844,231.13562,3,move,1577111016
19,v,112.8844,231.13562,3,up,1577111016
20,r,486.625,142.25,3,down,1577111021
20,r,486.625,156.39008,3,move,1577111021
20,r,486.625,162.08167,3,move,1577111021
20,r,491.9591,179.27649,3,move,1577111021
20,r,494.125,201.89099,3,move,1577111021
20,r,496.3296,231.12158,3,move,1577111021
20,r,497.28967,264.3297,3,move,1577111021
20,r,499.66772,295.63727,3,move,1577111021
20,r,501.87964,333.07922,3,move,1577111021
20,r,502.25,367.2884,3,move,1577111021
20,r,502.25,398.21375,3,move,1577111021
20,r,502.25,424.04718,3,move,1577111021
20,r,496.85352,445.92792,3,move,1577111021
20,r,494.0829,464.47437,3,move,1577111021
20,r,492.44873,476.6703,3,move,1577111021
20,r,492.0326,486.06793,3,move,1577111021
20,r,491.40552,491.90137,3,move,1577111021
20,r,491,496.08142,3,move,1577111021
20,r,484.22473,498.5,3,move,1577111021
20,r,475.82312,494.64996,3,move,1577111021
20,r,458.9646,490.80365,3,move,1577111021
20,r,435.5293,479.63025,3,move,1577111021
20,r,406.7893,466.77295,3,move,1577111021
20,r,369.7345,449.19635,3,move,1577111021
20,r,333.0746,430.464,3,move,1577111021
20,r,298.15698,414.25232,3,move,1577111021
20,r,259.44824,397.15704,3,move,1577111021
20,r,225.28833,379.93164,3,move,1577111022
20,r,196.34033,366.0829,3,move,1577111022
20,r,172.74084,352.76392,3,move,1577111022
20,r,155.50696,344.0562,3,move,1577111022
20,r,144.54834,339.04095,3,move,1577111022
20,r,144.54834,339.04095,3,up,1577111022
21,l,469.75,534.8281,3,down,1577111026
21,l,462.59412,527.66077,3,move,1577111026
21,l,461,522.92615,3,move,1577111026
21,l,461,516.6354,3,move,1577111026
21,l,461,507.83984,3,move,1577111026
21,l,461,495.11,3,move,1577111026
21,l,461,477.35004,3,move,1577111026
21,l,459.37646,452.67755,3,move,1577111026
21,l,458.5,421.84668,3,move,1577111026
21,l,458.5,384.6986,3,move,1577111027
21,l,467.9181,349.75818,3,move,1577111027
21,l,472.78796,321.1217,3,move,1577111027
21,l,475.07275,299.49182,3,move,1577111027
21,l,476,279.8014,3,move,1577111027
21,l,476,263.9818,3,move,1577111027
21,l,476,250.66528,3,move,1577111027
21,l,476,240.11017,3,move,1577111027
21,l,476,229.94531,3,move,1577111027
21,l,469.1947,223.1101,3,move,1577111027
21,l,466.0553,216.96313,3,move,1577111027
21,l,462.9314,212.66821,3,move,1577111027
21,l,458.88513,208.92725,3,move,1577111027
21,l,454.21545,205.01599,3,move,1577111027
21,l,445.56665,200.18231,3,move,1577111027
21,l,438.46655,194.82977,3,move,1577111027
21,l,428.00037,189.258,3,move,1577111027
21,l,412.6709,182.80267,3,move,1577111027
21,l,395.19385,174.75842,3,move,1577111027
21,l,373.8098,164.13464,3,move,1577111027
21,l,349.8352,153.27234,3,move,1577111027
21,l,321.13037,140.91046,3,move,1577111027
21,l,293.14014,128.15576,3,move,1577111027
21,l,259.79077,115.46179,3,move,1577111027
21,l,231.2174,104.25745,3,move,1577111027
21,l,201.93323,93.16284,3,move,1577111027
21,l,176.87756,83.93048,3,move,1577111027
21,l,152.10217,74.01727,3,move,1577111027
21,l,130.94116,64.62134,3,move,1577111027
21,l,115.69885,58.222168,3,move,1577111027
21,l,103.44995,52.859375,3,move,1577111027
21,l,103.44995,52.859375,3,up,1577111027
22,l,477.25,512.9531,3,down,1577111033
22,l,477.25,500.84528,3,move,1577111033
22,l,477.25,491.6687,3,move,1577111033
22,l,477.25,476.77203,3,move,1577111033
22,l,477.25,455.362,3,move,1577111033
22,l,477.25,421.23682,3,move,1577111033
22,l,477.25,382.5916,3,move,1577111033
22,l,477.25,350.58337,3,move,1577111033
22,l,477.25,322.5097,3,move,1577111033
22,l,477.25,300.07214,3,move,1577111033
22,l,477.25,276.82904,3,move,1577111033
22,l,477.25,258.29492,3,move,1577111033
22,l,477.25,243.67743,3,move,1577111033
22,l,477.25,232.3103,3,move,1577111033
22,l,477.25,223.57892,3,move,1577111033
22,l,477.25,217.95459,3,move,1577111033
22,l,472.88147,212.95715,3,move,1577111033
22,l,469.43237,208.71594,3,move,1577111033
22,l,464.30676,205.6449,3,move,1577111033
22,l,456.62915,202.12909,3,move,1577111033
22,l,446.1703,197.10712,3,move,1577111033
22,l,434.2173,190.81177,3,move,1577111033
22,l,417.08582,184.93689,3,move,1577111033
22,l,396.3142,176.2229,3,move,1577111033
22,l,371.57202,165.54877,3,move,1577111033
22,l,343.86243,154.88214,3,move,1577111033
22,l,312.23438,143.41681,3,move,1577111033
22,l,280.30212,131.67798,3,move,1577111033
22,l,248.32385,119.12976,3,move,1577111033
22,l,214.19421,104.90906,3,move,1577111033
22,l,186.0885,90.56854,3,move,1577111033
22,l,156.99426,75.59509,3,move,1577111033
22,l,137.21497,62.983948,3,move,1577111033
22,l,121.9668,53.422424,3,move,1577111033
22,l,114.125,48.5,3,move,1577111033
22,l,114.125,48.5,3,up,1577111033
23,c,106,519.59375,3,down,1577111038
23,c,96.04138,515.7036,3,move,1577111038
23,c,109.99536,506.22717,3,move,1577111038
23,c,126.47485,498.8813,3,move,1577111038
23,c,149.84216,487.33124,3,move,1577111038
23,c,178.01929,473.78546,3,move,1577111038
23,c,209.62463,458.4134,3,move,1577111038
23,c,247.41235,441.89038,3,move,1577111038
23,c,288.34192,424.23157,3,move,1577111038
23,c,333.49146,404.29492,3,move,1577111038
23,c,373.28406,384.78876,3,move,1577111038
23,c,405.50085,370.7066,3,move,1577111038
23,c,435.49622,357.42755,3,move,1577111038
23,c,456.81714,346.8495,3,move,1577111038
23,c,470.54248,339.8225,3,move,1577111038
23,c,480.5437,332.73938,3,move,1577111038
23,c,487.02112,327.24445,3,move,1577111038
23,c,490.29895,322.47083,3,move,1577111038
23,c,491,317.0257,3,move,1577111039
23,c,486.27026,310.77832,3,move,1577111039
23,c,478.12268,302.222,3,move,1577111039
23,c,462.5548,293.03955,3,move,1577111039
23,c,443.54602,279.2135,3,move,1577111039
23,c,416.48108,262.4137,3,move,1577111039
23,c,387.91614,242.07672,3,move,1577111039
23,c,357.76135,222.34888,3,move,1577111039
23,c,325.61572,202.073,3,move,1577111039
23,c,291.4137,179.00055,3,move,1577111039
23,c,257.70166,156.45251,3,move,1577111039
23,c,227.39441,134.21887,3,move,1577111039
23,c,200.2937,116.26599,3,move,1577111039
23,c,181.40356,101.61493,3,move,1577111039
23,c,165.52637,89.44983,3,move,1577111039
23,c,155.8081,79.51013,3,move,1577111039
23,c,152.875,75.84375,3,up,1577111039
24,a,525.375,384.4375,3,down,1577111043
24,a,514.1039,382.08936,3,move,1577111043
24,a,503.39722,382.09375,3,move,1577111043
24,a,492.71826,386.82483,3,move,1577111043
24,a,472.47498,391.5799,3,move,1577111043
24,a,447.2135,398.93372,3,move,1577111043
24,a,414.2473,410.35498,3,move,1577111044
24,a,380.41077,424.29132,3,move,1577111044
24,a,344.76782,439.1712,3,move,1577111044
24,a,307.99414,454.7525,3,move,1577111044
24,a,275.82825,466.38043,3,move,1577111044
24,a,244.78845,478.89807,3,move,1577111044
24,a,216.51428,486.89832,3,move,1577111044
24,a,197.84851,492.2013,3,move,1577111044
24,a,184.43884,496.05817,3,move,1577111044
24,a,172.98608,498.47687,3,move,1577111044
24,a,163.22278,499.69666,3,move,1577111044
24,a,156.43542,499.67188,3,move,1577111044
24,a,152.13232,494.08057,3,move,1577111044
24,a,149.7041,485.23645,3,move,1577111044
24,a,149.75,473.31293,3,move,1577111044
24,a,154.6676,448.7188,3,move,1577111044
24,a,159.10742,420.09412,3,move,1577111044
24,a,161,383.6183,3,move,1577111044
24,a,162.25,342.9344,3,move,1577111044
24,a,162.25,304.18292,3,move,1577111044
24,a,157.32825,259.00037,3,move,1577111044
24,a,156.625,214.33197,3,move,1577111044
24,a,156.625,172.63263,3,move,1577111044
24,a,160.375,138.86072,3,move,1577111044
24,a,161.97876,115.717224,3,move,1577111044
24,a,164.01965,97.01672,3,move,1577111044
24,a,164.75,85.564514,3,move,1577111044
24,a,165.81067,77.54797,3,move,1577111044
24,a,166.625,75.25781,3,up,1577111044
25,j,136.625,541.46875,3,down,1577111049
25,j,129.18823,525.63086,3,move,1577111049
25,j,127.89624,517.0187,3,move,1577111049
25,j,127.875,505.64343,3,move,1577111049
25,j,132.29407,486.88013,3,move,1577111049
25,j,133.5,466.5301,3,move,1577111049
25,j,133.5,443.17938,3,move,1577111049
25,j,127.573975,414.03778,3,move,1577111049
25,j,123.94031,374.1703,3,move,1577111049
25,j,120.29602,331.90887,3,move,1577111049
25,j,117.772705,285.2865,3,move,1577111049
25,j,117.25,243.51178,3,move,1577111049
25,j,115.375,209.59485,3,move,1577111049
25,j,113.54602,182.0481,3,move,1577111049
25,j,112.875,160.21375,3,move,1577111049
25,j,112.875,144.33398,3,move,1577111049
25,j,112.875,132.89984,3,move,1577111049
25,j,117.24341,125.87677,3,move,1577111049
25,j,123.88037,120.451416,3,move,1577111049
25,j,131.23132,119.984375,3,move,1577111049
25,j,144.12732,123.20813,3,move,1577111049
25,j,158.33435,128.63934,3,move,1577111049
25,j,179.20642,139.16321,3,move,1577111049
25,j,206.20825,153.84467,3,move,1577111049
25,j,238.68018,172.51147,3,move,1577111049
25,j,276.59094,196.13501,3,move,1577111049
25,j,316.46753,224.12463,3,move,1577111049
25,j,353.2821,250.58917,3,move,1577111049
25,j,387.97302,278.80383,3,move,1577111049
25,j,413.2444,299.58423,3,move,1577111050
25,j,433.73743,317.50623,3,move,1577111050
25,j,448.7173,329.2126,3,move,1577111050
25,j,459.3468,338.2826,3,move,1577111050
25,j,466.99146,345.83307,3,move,1577111050
25,j,472.05298,349.54346,3,move,1577111050
25,j,474.125,349.8672,3,up,1577111050
26,t,494.75,509.82813,3,down,1577111058
26,t,487.69617,502.4339,3,move,1577111058
26,t,483.0984,497.03998,3,move,1577111058
26,t,477.29138,493.10553,3,move,1577111058
26,t,464.06543,486.638,3,move,1577111058
26,t,450.35474,480.41553,3,move,1577111058
26,t,437.10962,473.8775,3,move,1577111058
26,t,418.44202,464.9015,3,move,1577111058
26,t,398.17944,452.68732,3,move,1577111058
26,t,374.7567,438.66022,3,move,1577111058
26,t,349.73682,425.21173,3,move,1577111058
26,t,320.04004,411.0999,3,move,1577111058
26,t,287.2516,394.87347,3,move,1577111058
26,t,255.26672,380.85767,3,move,1577111058
26,t,225.52954,367.4912,3,move,1577111058
26,t,198.98364,354.06378,3,move,1577111058
26,t,177.72278,343.239,3,move,1577111058
26,t,157.6029,332.66083,3,move,1577111058
26,t,143.25354,324.1272,3,move,1577111058
26,t,133.16956,317.43408,3,move,1577111058
26,t,125.82617,311.80707,3,move,1577111058
26,t,120.63306,307.255,3,move,1577111058
26,t,115.562744,303.47418,3,move,1577111058
26,t,111,296.8285,3,move,1577111058
26,t,111,292.82562,3,move,1577111058
26,t,111,288.2989,3,move,1577111058
26,t,111,278.7929,3,move,1577111058
26,t,115.3551,260.60657,3,move,1577111058
26,t,118.79028,230.56232,3,move,1577111058
26,t,122.24658,195.03424,3,move,1577111058
26,t,123.92053,161.9895,3,move,1577111058
26,t,124.75,130.16669,3,move,1577111058
26,t,124.75,106.91937,3,move,1577111058
26,t,124.75,90.24878,3,move,1577111058
26,t,124.75,78.12842,3,move,1577111058
26,t,124.75,70.69122,3,move,1577111058
26,t,121,66.212524,3,move,1577111059
26,t,120.141846,63.833557,3,up,1577111059
27,v,473.5,492.25,3,down,1577111064
27,v,473.5,482.5835,3,move,1577111064
27,v,473.5,468.3628,3,move,1577111064
27,v,480.94946,446.3523,3,move,1577111064
27,v,484.4933,414.59265,3,move,1577111064
27,v,486,380.22876,3,move,1577111064
27,v,486,342.74237,3,move,1577111064
27,v,486,304.97162,3,move,1577111064
27,v,481.94104,264.62622,3,move,1577111064
27,v,481.625,224.25659,3,move,1577111064
27,v,481.625,184.69427,3,move,1577111064
27,v,481.625,151.50665,3,move,1577111064
27,v,483.31226,128.09045,3,move,1577111064
27,v,485.64404,110.70813,3,move,1577111064
27,v,486,99.39337,3,move,1577111064
27,v,486,92.187256,3,move,1577111064
27,v,486,87.851746,3,move,1577111064
27,v,484.4109,82.839966,3,move,1577111064
27,v,476.0935,81.703125,3,move,1577111064
27,v,467.60706,86.50226,3,move,1577111064
27,v,455.51245,91.72107,3,move,1577111064
27,v,441.76636,99.46069,3,move,1577111064
27,v,420.86133,108.06299,3,move,1577111064
27,v,395.7445,119.08624,3,move,1577111064
27,v,362.31934,131.01874,3,move,1577111064
27,v,324.75122,145.35016,3,move,1577111064
27,v,282.58032,161.35333,3,move,1577111064
27,v,238.22644,179.31549,3,move,1577111064
27,v,199.93054,193.60449,3,move,1577111064
27,v,160.97046,207.52026,3,move,1577111064
27,v,136.27063,215.31842,3,move,1577111064
27,v,115.8988,219.85767,3,move,1577111064
27,v,102.56384,223.42853,3,move,1577111064
27,v,102.56384,223.42853,3,up,1577111064
28,f,76.625,369.98438,3,down,1577111069
28,f,101.64075,375.58014,3,move,1577111069
28,f,122.07068,383.72937,3,move,1577111069
28,f,148.9292,393.47906,3,move,1577111069
28,f,182.56189,405.70612,3,move,1577111069
28,f,227.06738,423.55414,3,move,1577111069
28,f,262.23926,437.59686,3,move,1577111069
28,f,299.99463,452.10236,3,move,1577111069
28,f,337.77722,467.0952,3,move,1577111069
28,f,369.48633,481.65778,3,move,1577111069
28,f,396.47388,493.74384,3,move,1577111069
28,f,416.10022,503.63177,3,move,1577111069
28,f,430.50513,510.27576,3,move,1577111069
28,f,439.19763,513.374,3,move,1577111069
28,f,444.7898,514.52185,3,move,1577111069
28,f,449.125,508.6712,3,move,1577111069
28,f,449.125,496.2024,3,move,1577111069
28,f,449.125,474.16583,3,move,1577111070
28,f,449.125,435.89325,3,move,1577111070
28,f,451.38037,382.59668,3,move,1577111070
28,f,453.9226,334.41138,3,move,1577111070
28,f,456.42407,290.48572,3,move,1577111070
28,f,459.55383,241.0329,3,move,1577111070
28,f,463.8546,196.96674,3,move,1577111070
28,f,468.7057,159.90741,3,move,1577111070
28,f,473.02698,127.43829,3,move,1577111070
28,f,475.22156,103.337585,3,move,1577111070
28,f,475.375,85.04877,3,move,1577111070
28,f,476,71.73364,3,move,1577111070
28,f,476,64.09082,3,move,1577111070
28,f,476,59.805847,3,move,1577111070
28,f,476,58.851563,3,up,1577111070
29,t,504.75,527.0156,3,down,1577111075
29,t,496.69202,522.86816,3,move,1577111075
29,t,492.2682,520.777,3,move,1577111075
29,t,486.01257,514.3341,3,move,1577111075
29,t,478.13977,506.09393,3,move,1577111075
29,t,464.48975,496.51215,3,move,1577111075
29,t,447.24426,484.13232,3,move,1577111075
29,t,426.06152,469.4629,3,move,1577111075
29,t,400.70435,450.28247,3,move,1577111075
29,t,373.94727,430.6328,3,move,1577111075
29,t,345.40466,412.4212,3,move,1577111075
29,t,311.71692,394.61304,3,move,1577111075
29,t,282.88843,378.66296,3,move,1577111075
29,t,253.38904,364.2813,3,move,1577111075
29,t,225.78833,351.45776,3,move,1577111075
29,t,201.83887,340.25146,3,move,1577111075
29,t,179.21411,329.10822,3,move,1577111075
29,t,160.16516,320.54797,3,move,1577111075
29,t,144.6842,314.16986,3,move,1577111075
29,t,133.28088,309.54724,3,move,1577111075
29,t,125.3988,306.042,3,move,1577111075
29,t,118.26453,302.8354,3,move,1577111075
29,t,113.849365,300.4685,3,move,1577111075
29,t,108.81616,295.96783,3,move,1577111075
29,t,107.25,288.3194,3,move,1577111075
29,t,106.625,278.44946,3,move,1577111075
29,t,106.625,258.71124,3,move,1577111075
29,t,105.114746,230.66534,3,move,1577111075
29,t,103.252686,198.15118,3,move,1577111075
29,t,99.2384,165.75641,3,move,1577111075
29,t,95.39807,136.43793,3,move,1577111075
29,t,93.08545,117.265686,3,move,1577111075
29,t,89.331055,100.69989,3,move,1577111075
29,t,87.104614,90.0517,3,move,1577111075
29,t,83.84607,80.83154,3,move,1577111075
29,t,83.5,75.29602,3,move,1577111075
29,t,83.5,74.08594,3,up,1577111075
30,t,524.125,527.7969,3,down,1577111080
30,t,515.2213,518.5222,3,move,1577111080
30,t,510.24146,514.89966,3,move,1577111080
30,t,502.51367,508.58905,3,move,1577111080
30,t,491.11365,499.66302,3,move,1577111080
30,t,472.36,487.67572,3,move,1577111080
30,t,451.05493,476.61212,3,move,1577111080
30,t,418.57605,461.03876,3,move,1577111080
30,t,387.27808,444.99866,3,move,1577111080
30,t,354.76953,431.32117,3,move,1577111080
30,t,318.19727,416.3448,3,move,1577111080
30,t,287.1316,401.51636,3,move,1577111080
30,t,249.88147,384.66852,3,move,1577111080
30,t,215.29285,369.518,3,move,1577111080
30,t,185.75415,357.8391,3,move,1577111080
30,t,158.66516,348.74695,3,move,1577111080
30,t,141.36182,342.4018,3,move,1577111080
30,t,127.57678,337.91943,3,move,1577111080
30,t,117.25061,332.81952,3,move,1577111080
30,t,109.543945,328.11108,3,move,1577111080
30,t,104.987305,323.79663,3,move,1577111080
30,t,101.94458,319.5116,3,move,1577111080
30,t,100.51416,312.34766,3,move,1577111081
30,t,100.375,297.53516,3,move,1577111081
30,t,100.375,277.1267,3,move,1577111081
30,t,103.23059,248.71112,3,move,1577111081
30,t,104.125,219.52795,3,move,1577111081
30,t,104.125,183.64648,3,move,1577111081
30,t,101.50952,157.08746,3,move,1577111081
30,t,99.30737,130.98804,3,move,1577111081
30,t,99.125,110.513794,3,move,1577111081
30,t,99.125,93.900024,3,move,1577111081
30,t,99.125,79.79407,3,move,1577111081
30,t,99.125,69.89459,3,move,1577111081
30,t,99.125,64.195435,3,move,1577111081
30,t,111,59.046875,3,move,1577111081
30,t,111,59.046875,3,up,1577111081
31,r,473.5,92.640625,3,down,1577111086
31,r,473.5,105.02142,3,move,1577111086
31,r,473.5,114.07129,3,move,1577111086
31,r,473.5,126.13141,3,move,1577111086
31,r,475.54333,142.45782,3,move,1577111086
31,r,478.29907,165.45068,3,move,1577111086
31,r,479.56702,192.70593,3,move,1577111086
31,r,480.82922,221.75061,3,move,1577111086
31,r,481.625,257.61334,3,move,1577111086
31,r,482.72095,296.4201,3,move,1577111086
31,r,482.875,330.9392,3,move,1577111086
31,r,482.875,369.2168,3,move,1577111086
31,r,482.875,399.27167,3,move,1577111086
31,r,480.29822,423.7401,3,move,1577111086
31,r,478.0647,444.32977,3,move,1577111086
31,r,476.8949,458.91357,3,move,1577111086
31,r,475.6194,470.4953,3,move,1577111086
31,r,474.36316,477.53638,3,move,1577111086
31,r,469.4148,482.09375,3,move,1577111086
31,r,464.14526,480.9345,3,move,1577111086
31,r,455.49622,477.74377,3,move,1577111086
31,r,443.85522,472.58386,3,move,1577111086
31,r,426.45178,464.47876,3,move,1577111086
31,r,402.03833,451.76648,3,move,1577111086
31,r,373.3059,435.4958,3,move,1577111086
31,r,336.8579,417.69214,3,move,1577111086
31,r,299.82068,399.10535,3,move,1577111086
31,r,260.95203,379.30658,3,move,1577111086
31,r,223.38611,359.35834,3,move,1577111086
31,r,191.50464,338.26013,3,move,1577111086
31,r,161.44275,316.51917,3,move,1577111086
31,r,139.6576,299.23132,3,move,1577111086
31,r,121.72351,283.86853,3,move,1577111086
31,r,108.3988,272.721,3,move,1577111086
31,r,98.23657,265.91345,3,move,1577111086
31,r,88.47974,260.31946,3,move,1577111086
31,r,84.00586,257.52618,3,move,1577111086
31,r,82.67346,256.70313,3,up,1577111086
32,t,510.375,530.1406,3,down,1577111092
32,t,496.16553,521.65027,3,move,1577111092
32,t,488.20435,515.2612,3,move,1577111092
32,t,483.8152,511.10022,3,move,1577111092
32,t,476.97888,505.11444,3,move,1577111092
32,t,464.01306,497.60486,3,move,1577111092
32,t,449.34705,488.48254,3,move,1577111092
32,t,429.05408,476.5807,3,move,1577111092
32,t,404.3037,462.8739,3,move,1577111092
32,t,378.7268,449.07764,3,move,1577111092
32,t,349.63464,433.6269,3,move,1577111092
32,t,322.10034,419.43317,3,move,1577111092
32,t,290.3202,402.57587,3,move,1577111092
32,t,259.92383,388.53424,3,move,1577111092
32,t,233.37842,376.0885,3,move,1577111092
32,t,208.69434,364.38586,3,move,1577111092
32,t,192.11914,355.14838,3,move,1577111092
32,t,175.28064,344.5348,3,move,1577111092
32,t,162.5653,336.8418,3,move,1577111092
32,t,151.79346,330.76984,3,move,1577111092
32,t,142.5116,325.226,3,move,1577111092
32,t,136.84338,321.16565,3,move,1577111092
32,t,131.7406,316.71936,3,move,1577111092
32,t,126.44641,310.16302,3,move,1577111092
32,t,124.75,303.41687,3,move,1577111092
32,t,124.125,297.1729,3,move,1577111092
32,t,123.37219,286.7544,3,move,1577111092
32,t,123.5,267.32104,3,move,1577111092
32,t,122.11206,242.13965,3,move,1577111092
32,t,120.978516,214.76099,3,move,1577111092
32,t,120.29639,179.34863,3,move,1577111092
32,t,119.66028,148.37903,3,move,1577111092
32,t,119.039795,119.24036,3,move,1577111092
32,t,119.125,94.39465,3,move,1577111092
32,t,119.125,74.99872,3,move,1577111092
32,t,119.125,58.241394,3,move,1577111092
32,t,119.125,46.968323,3,move,1577111092
32,t,119.125,41.27289,3,move,1577111092
32,t,119.125,38.208496,3,up,1577111092
33,c,78.5,323.89063,3,down,1577111097
33,c,97.45459,314.6908,3,move,1577111097
33,c,113.26465,305.9469,3,move,1577111097
33,c,136.83472,292.39124,3,move,1577111097
33,c,161.72192,277.25555,3,move,1577111097
33,c,200.7992,254.83606,3,move,1577111097
33,c,241.60144,233.91327,3,move,1577111097
33,c,286.27283,210.6153,3,move,1577111097
33,c,330.21533,189.30609,3,move,1577111097
33,c,363.85327,173.75763,3,move,1577111097
33,c,397.93005,158.96649,3,move,1577111097
33,c,423.2246,147.9278,3,move,1577111097
33,c,446.09192,138.6742,3,move,1577111097
33,c,461.5608,132.22583,3,move,1577111097
33,c,472.66443,127.30963,3,move,1577111097
33,c,481.28674,123.801025,3,move,1577111097
33,c,485.52295,121.84503,3,move,1577111097
33,c,484.1997,116.88275,3,move,1577111098
33,c,475.76196,114.24591,3,move,1577111098
33,c,461.94458,111.377625,3,move,1577111098
33,c,442.5829,108.74591,3,move,1577111098
33,c,417.12598,104.93695,3,move,1577111098
33,c,389.5327,101.08154,3,move,1577111098
33,c,356.2754,96.75873,3,move,1577111098
33,c,319.46143,93.64111,3,move,1577111098
33,c,282.26196,90.27289,3,move,1577111098
33,c,245.61987,86.98395,3,move,1577111098
33,c,211.3905,84.20117,3,move,1577111098
33,c,178.31567,81.88599,3,move,1577111098
33,c,152.17358,80.11206,3,move,1577111098
33,c,133.80627,78.1543,3,move,1577111098
33,c,120.72839,76.58258,3,move,1577111098
33,c,112.875,76.234375,3,move,1577111098
33,c,112.875,76.234375,3,up,1577111098
34,v,476.625,531.3125,3,down,1577111103
34,v,476.625,520.57544,3,move,1577111103
34,v,476.625,508.5984,3,move,1577111103
34,v,476.625,495.20923,3,move,1577111103
34,v,476.625,475.7198,3,move,1577111103
34,v,476.625,443.67737,3,move,1577111103
34,v,482.43542,403.2533,3,move,1577111103
34,v,482.875,355.91296,3,move,1577111103
34,v,482.875,310.29767,3,move,1577111103
34,v,482.875,270.76935,3,move,1577111103
34,v,478.40015,225.20935,3,move,1577111103
34,v,478.5,187.83832,3,move,1577111103
34,v,478.5,155.0285,3,move,1577111103
34,v,482.95325,125.62341,3,move,1577111103
34,v,483.55957,103.70752,3,move,1577111103
34,v,483.5,88.4798,3,move,1577111103
34,v,483.5,76.92694,3,move,1577111103
34,v,483.5,68.41571,3,move,1577111103
34,v,477.73755,62.218872,3,move,1577111103
34,v,472.84448,58.24182,3,move,1577111103
34,v,468.47656,55.5166,3,move,1577111103
34,v,463.4397,54.349976,3,move,1577111103
34,v,457.8241,54.359375,3,move,1577111103
34,v,449.7218,59.06195,3,move,1577111103
34,v,436.76086,67.20166,3,move,1577111103
34,v,413.9248,79.97357,3,move,1577111103
34,v,386.56616,93.667114,3,move,1577111103
34,v,352.0348,110.11188,3,move,1577111103
34,v,312.12842,125.78772,3,move,1577111103
34,v,270.458,142.02441,3,move,1577111103
34,v,225.25586,157.6734,3,move,1577111103
34,v,181.85303,174.91083,3,move,1577111104
34,v,143.89417,189.17413,3,move,1577111104
34,v,113.50769,199.44855,3,move,1577111104
34,v,93.8501,205.61713,3,move,1577111104
34,v,81.476074,208.48419,3,move,1577111104
34,v,77.875,209.04688,3,up,1577111104
35,t,515.375,545.375,3,down,1577111109
35,t,504.75415,537.046,3,move,1577111109
35,t,500.6266,532.82935,3,move,1577111109
35,t,493.82532,526.51904,3,move,1577111109
35,t,486.3341,519.907,3,move,1577111109
35,t,474.61792,511.33606,3,move,1577111109
35,t,457.80078,502.6975,3,move,1577111109
35,t,442.19934,491.76288,3,move,1577111109
35,t,421.6577,477.57574,3,move,1577111109
35,t,399.08435,460.55157,3,move,1577111109
35,t,377.0182,443.22388,3,move,1577111109
35,t,352.79822,426.0349,3,move,1577111109
35,t,327.20715,409.02008,3,move,1577111109
35,t,299.15857,390.91632,3,move,1577111109
35,t,272.4441,374.0119,3,move,1577111109
35,t,246.57971,357.36932,3,move,1577111109
35,t,222.66626,341.6261,3,move,1577111109
35,t,202.06921,327.98126,3,move,1577111109
35,t,185.51123,315.90997,3,move,1577111109
35,t,171.23584,306.45996,3,move,1577111109
35,t,158.08997,298.76373,3,move,1577111109
35,t,147.02039,293.41193,3,move,1577111109
35,t,139.55664,289.2196,3,move,1577111109
35,t,133.65662,285.4795,3,move,1577111109
35,t,127.749756,278.1872,3,move,1577111109
35,t,126.625,273.37982,3,move,1577111109
35,t,125.70569,266.6056,3,move,1577111109
35,t,125.05994,254.72052,3,move,1577111109
35,t,124.75,236.00018,3,move,1577111109
35,t,124.75,209.456,3,move,1577111109
35,t,129.16577,175.05035,3,move,1577111109
35,t,133.47058,144.82611,3,move,1577111109
35,t,137.45422,116.5824,3,move,1577111109
35,t,139.6781,96.52283,3,move,1577111109
35,t,141.27454,81.082214,3,move,1577111109
35,t,142.25,71.282715,3,move,1577111109
35,t,143.03027,65.78937,3,move,1577111109
35,t,144.125,66.11963,3,up,1577111110
36,c,116,481.3125,3,down,1577111115
36,c,130.37085,473.96375,3,move,1577111115
36,c,150.9386,464.97736,3,move,1577111115
36,c,178.5343,452.54706,3,move,1577111115
36,c,214.30469,435.59766,3,move,1577111115
36,c,261.33923,414.36255,3,move,1577111115
36,c,302.36853,396.3177,3,move,1577111115
36,c,342.32813,378.96497,3,move,1577111115
36,c,377.82227,364.46277,3,move,1577111115
36,c,410.31152,349.45892,3,move,1577111115
36,c,444.20142,334.1897,3,move,1577111115
36,c,473.87122,322.08545,3,move,1577111115
36,c,497.4944,312.72833,3,move,1577111115
36,c,511.32642,307.39,3,move,1577111115
36,c,519.3502,303.828,3,move,1577111115
36,c,523.4955,300.19745,3,move,1577111115
36,c,524.9618,296.14307,3,move,1577111115
36,c,518.4728,291.16095,3,move,1577111115
36,c,506.2444,283.12036,3,move,1577111115
36,c,492.48572,272.58667,3,move,1577111115
36,c,470.08252,259.64532,3,move,1577111115
36,c,444.74353,242.03998,3,move,1577111115
36,c,412.84656,220.81824,3,move,1577111115
36,c,382.31384,197.9367,3,move,1577111115
36,c,348.34045,173.90448,3,move,1577111115
36,c,311.54883,150.3388,3,move,1577111115
36,c,278.74292,125.65839,3,move,1577111115
36,c,249.78113,104.92963,3,move,1577111115
36,c,225.1283,85.1745,3,move,1577111115
36,c,204.78882,71.08588,3,move,1577111115
36,c,190.86877,59.994934,3,move,1577111115
36,c,183.63489,52.337402,3,move,1577111115
36,c,180.375,48.109375,3,move,1577111115
36,c,180.375,48.109375,3,up,1577111115
37,f,87.875,310.60938,3,down,1577111120
37,f,113.94531,318.08142,3,move,1577111120
37,f,133.599,326.9281,3,move,1577111120
37,f,153.43323,336.89374,3,move,1577111120
37,f,182.86206,353.33087,3,move,1577111120
37,f,217.61768,373.74323,3,move,1577111120
37,f,250.87244,394.12012,3,move,1577111120
37,f,285.33008,415.65845,3,move,1577111120
37,f,312.4353,433.52045,3,move,1577111120
37,f,342.61365,451.93445,3,move,1577111120
37,f,363.20154,464.71967,3,move,1577111120
37,f,379.0409,476.18182,3,move,1577111120
37,f,391.75842,483.02667,3,move,1577111120
37,f,400.03088,486.04456,3,move,1577111120
37,f,407.93054,487.88196,3,move,1577111120
37,f,413.63562,487.95313,3,move,1577111120
37,f,417.54846,483.67377,3,move,1577111120
37,f,420.79175,475.5177,3,move,1577111120
37,f,424.2256,457.8092,3,move,1577111120
37,f,428.64355,424.01788,3,move,1577111120
37,f,432.88574,382.19122,3,move,1577111120
37,f,438.8629,338.83112,3,move,1577111120
37,f,445.28284,295.9193,3,move,1577111120
37,f,448.07068,265.45093,3,move,1577111120
37,f,451.22156,232.86475,3,move,1577111120
37,f,453.10583,208.19867,3,move,1577111120
37,f,455.61768,185.08032,3,move,1577111120
37,f,458.10828,168.28125,3,move,1577111120
37,f,461.1289,154.34082,3,move,1577111120
37,f,462.63232,145.56842,3,move,1577111120
37,f,462.875,140.64905,3,move,1577111120
37,f,462.875,138.14844,3,up,1577111120
38,a,493.5,156.3125,3,down,1577111125
38,a,480.1809,160.27655,3,move,1577111125
38,a,463.55957,176.76453,3,move,1577111125
38,a,442.67786,199.36578,3,move,1577111125
38,a,409.64282,228.81091,3,move,1577111125
38,a,369.56006,267.90112,3,move,1577111125
38,a,332.3778,303.04877,3,move,1577111125
38,a,283.80664,349.8733,3,move,1577111125
38,a,249.68823,384.01685,3,move,1577111125
38,a,212.85718,419.53204,3,move,1577111125
38,a,185.95398,444.6126,3,move,1577111125
38,a,164.80261,461.76025,3,move,1577111125
38,a,146.67761,476.9745,3,move,1577111125
38,a,137.85767,483.93115,3,move,1577111125
38,a,132.69324,486.5042,3,move,1577111126
38,a,127.06799,483.6488,3,move,1577111126
38,a,125.84302,473.68854,3,move,1577111126
38,a,126,451.2636,3,move,1577111126
38,a,132.31323,414.4641,3,move,1577111126
38,a,138.57678,373.0954,3,move,1577111126
38,a,144.41345,329.18524,3,move,1577111126
38,a,147.25,277.13696,3,move,1577111126
38,a,147.25,236.06848,3,move,1577111126
38,a,142.71765,198.72198,3,move,1577111126
38,a,141.36243,166.3938,3,move,1577111126
38,a,141,141.39886,3,move,1577111126
38,a,141,122.94208,3,move,1577111126
38,a,141,113.62866,3,move,1577111126
38,a,152.25,105.33594,3,move,1577111126
38,a,152.25,105.33594,3,up,1577111126
39,a,525.375,217.64063,3,down,1577111130
39,a,525.375,209.33655,3,move,1577111130
39,a,520.3165,205.45819,3,move,1577111130
39,a,516.0537,203.1875,3,move,1577111130
39,a,511.71826,203.1875,3,move,1577111130
39,a,504.234,207.50128,3,move,1577111130
39,a,494.0901,212.3836,3,move,1577111130
39,a,474.05066,219.31573,3,move,1577111130
39,a,450.6161,229.72119,3,move,1577111130
39,a,417.35852,244.18622,3,move,1577111130
39,a,381.1454,259.4671,3,move,1577111130
39,a,344.91443,277.75433,3,move,1577111130
39,a,307.1764,295.78864,3,move,1577111130
39,a,267.43323,314.58612,3,move,1577111130
39,a,233.94568,333.31384,3,move,1577111130
39,a,204.75745,349.59967,3,move,1577111130
39,a,182.45227,363.9986,3,move,1577111130
39,a,161.99829,377.21204,3,move,1577111130
39,a,147.2284,384.8404,3,move,1577111130
39,a,137.83655,389.53284,3,move,1577111130
39,a,131.59473,391.4782,3,move,1577111130
39,a,126.56482,391.46875,3,move,1577111130
39,a,122.296265,385.0595,3,move,1577111131
39,a,121.625,374.336,3,move,1577111131
39,a,121.625,354.13263,3,move,1577111131
39,a,128.38013,322.76166,3,move,1577111131
39,a,138.3396,278.45404,3,move,1577111131
39,a,152.34192,217.29498,3,move,1577111131
39,a,158.84106,171.85602,3,move,1577111131
39,a,161.625,130.44818,3,move,1577111131
39,a,161.625,92.24292,3,move,1577111131
39,a,158.24756,63.139404,3,move,1577111131
39,a,157.25,41.354065,3,move,1577111131
39,a,157.25,25.90039,3,move,1577111131
39,a,157.25,17.547485,3,move,1577111131
39,a,157.25,15.1015625,3,up,1577111131
40,a,526,199.67188,3,down,1577111135
40,a,508.18237,199.67188,3,move,1577111135
40,a,496.9375,206.11719,3,move,1577111135
40,a,475.6753,216.52637,3,move,1577111135
40,a,441.48828,237.33801,3,move,1577111135
40,a,406.75427,259.51263,3,move,1577111135
40,a,367.7843,285.19922,3,move,1577111135
40,a,333.45642,308.1328,3,move,1577111135
40,a,294.80737,335.1789,3,move,1577111135
40,a,264.92517,354.51123,3,move,1577111135
40,a,244.52246,369.47723,3,move,1577111135
40,a,228.39172,378.8949,3,move,1577111135
40,a,214.86206,385.41113,3,move,1577111135
40,a,202.74695,387.39777,3,move,1577111135
40,a,193.4054,387.5625,3,move,1577111135
40,a,185.98608,382.00342,3,move,1577111136
40,a,179.72278,372.58276,3,move,1577111136
40,a,175.02368,354.1167,3,move,1577111136
40,a,172.55725,322.56818,3,move,1577111136
40,a,172.25,281.59283,3,move,1577111136
40,a,172.25,234.66498,3,move,1577111136
40,a,172.25,185.39044,3,move,1577111136
40,a,172.25,139.51563,3,move,1577111136
40,a,172.25,93.10242,3,move,1577111136
40,a,172.25,59.47992,3,move,1577111136
40,a,172.25,38.58374,3,move,1577111136
40,a,176,24.055115,3,move,1577111136
40,a,176.93054,14.759094,3,move,1577111136
40,a,179.4375,11.5859375,3,up,1577111136
