"","x","y","action","timestamp","trial"
"1",1725.7366,563.1236,"down",1571817318,1
"2",1725.7366,562.34393,"move",1571817318,1
"3",1724.4695,560.4922,"move",1571817318,1
"4",1725.4441,562.149,"move",1571817318,1
"5",1725.639,564.1956,"move",1571817318,1
"6",1725.2493,579.5943,"move",1571817318,1
"7",1722.1305,606.10345,"move",1571817318,1
"8",1719.1093,638.0703,"move",1571817318,1
"9",1713.4564,667.9905,"move",1571817318,1
"10",1705.8545,705.80493,"move",1571817318,1
"11",1701.3713,734.9455,"move",1571817318,1
"12",1699.4221,754.1451,"move",1571817318,1
"13",1696.3033,781.5313,"move",1571817318,1
"14",1694.744,793.42145,"move",1571817318,1
"15",1693.2821,803.2649,"move",1571817318,1
"16",1691.7228,810.28204,"move",1571817318,1
"17",1690.8456,815.8372,"move",1571817318,1
"18",1690.0659,819.0534,"move",1571817318,1
"19",1689.1887,824.12134,"move",1571817318,1
"20",1688.9939,826.16797,"move",1571817319,1
"21",1688.5066,828.79944,"move",1571817319,1
"22",1688.0193,832.40546,"move",1571817319,1
"23",1687.7268,836.1089,"move",1571817319,1
"24",1687.532,838.5454,"move",1571817319,1
"25",1686.5574,840.39716,"move",1571817319,1
"26",1686.1675,841.2743,"move",1571817319,1
"27",1685.5828,844.393,"move",1571817319,1
"28",1685.5828,844.393,"up",1571817319,1
"29",1496.2166,561.5642,"down",1571817329,2
"30",1496.2166,561.5642,"move",1571817329,2
"31",1499.1404,569.55597,"move",1571817329,2
"32",1504.5007,576.9629,"move",1571817329,2
"33",1538.9044,615.75195,"move",1571817329,2
"34",1574.4775,648.9858,"move",1571817330,2
"35",1621.9409,688.16473,"move",1571817330,2
"36",1660.048,721.49603,"move",1571817330,2
"37",1688.3116,745.861,"move",1571817330,2
"38",1707.5114,764.5733,"move",1571817330,2
"39",1738.309,795.56555,"move",1571817330,2
"40",1752.3433,810.37946,"move",1571817330,2
"41",1763.5513,822.46454,"move",1571817330,2
"42",1768.7167,831.8207,"move",1571817330,2
"43",1768.4243,835.3292,"move",1571817330,2
"44",1768.4243,835.3292,"up",1571817330,2
"45",1776.1237,618.28595,"down",1571817341,3
"46",1776.1237,618.28595,"move",1571817341,3
"47",1774.6617,610.97644,"move",1571817342,3
"48",1772.3228,612.04846,"move",1571817342,3
"49",1761.6995,621.7945,"move",1571817342,3
"50",1748.1525,636.7059,"move",1571817342,3
"51",1738.114,647.62134,"move",1571817342,3
"52",1715.6006,671.499,"move",1571817342,3
"53",1700.4941,687.4825,"move",1571817342,3
"54",1677.6884,710.0932,"move",1571817342,3
"55",1646.2086,739.0388,"move",1571817342,3
"56",1619.212,764.4758,"move",1571817342,3
"57",1596.991,784.845,"move",1571817342,3
"58",1570.6765,809.015,"move",1571817342,3
"59",1541.8282,836.5962,"move",1571817342,3
"60",1524.4802,854.139,"move",1571817342,3
"61",1515.2214,862.13074,"move",1571817342,3
"62",1507.0347,867.6859,"move",1571817342,3
"63",1499.7252,870.4148,"move",1571817342,3
"64",1499.7252,870.4148,"up",1571817342,3
"65",1721.7406,846.43964,"down",1571817351,4
"66",1721.7406,846.43964,"move",1571817351,4
"67",1722.4229,841.37177,"move",1571817351,4
"68",1719.8889,822.46454,"move",1571817351,4
"69",1716.4778,809.89215,"move",1571817351,4
"70",1710.0453,785.91705,"move",1571817351,4
"71",1706.6343,771.5904,"move",1571817351,4
"72",1703.8079,751.9035,"move",1571817352,4
"73",1701.079,727.83093,"move",1571817352,4
"74",1698.8374,705.80493,"move",1571817352,4
"75",1697.278,688.26215,"move",1571817352,4
"76",1694.6466,667.11334,"move",1571817352,4
"77",1691.7228,642.8458,"move",1571817352,4
"78",1689.676,623.74365,"move",1571817352,4
"79",1687.4344,608.44244,"move",1571817352,4
"80",1684.9979,587.3911,"move",1571817352,4
"81",1683.8284,579.0096,"move",1571817352,4
"82",1682.3665,569.6534,"move",1571817352,4
"83",1682.6589,568.77625,"move",1571817352,4
"84",1682.6589,568.77625,"up",1571817352,4
"85",1624.7672,843.2235,"down",1571817359,5
"86",1625.6444,842.9311,"move",1571817359,5
"87",1629.9326,833.1851,"move",1571817359,5
"88",1636.6575,818.5661,"move",1571817359,5
"89",1644.3568,797.4173,"move",1571817359,5
"90",1653.4207,776.7558,"move",1571817359,5
"91",1667.1626,748.1026,"move",1571817359,5
"92",1682.0741,714.8687,"move",1571817359,5
"93",1691.0405,686.11804,"move",1571817359,5
"94",1699.9094,640.11694,"move",1571817360,5
"95",1706.0494,613.5104,"move",1571817360,5
"96",1711.3124,588.9505,"move",1571817360,5
"97",1715.893,566.43726,"move",1571817360,5
"98",1713.7489,554.25476,"move",1571817360,5
"99",1713.7489,554.25476,"up",1571817360,5
"100",1532.4719,547.0427,"down",1571817368,6
"101",1533.5441,549.57666,"move",1571817368,6
"102",1535.006,553.67,"move",1571817368,6
"103",1551.1844,574.5264,"move",1571817368,6
"104",1567.0706,591.0946,"move",1571817368,6
"105",1589.584,615.6545,"move",1571817368,6
"106",1612.2922,643.5281,"move",1571817369,6
"107",1625.0596,659.3165,"move",1571817369,6
"108",1636.4625,674.7152,"move",1571817369,6
"109",1656.6368,702.49133,"move",1571817369,6
"110",1671.3534,725.0046,"move",1571817369,6
"111",1682.6589,742.54736,"move",1571817369,6
"112",1692.4049,759.4079,"move",1571817369,6
"113",1704.685,783.87036,"move",1571817369,6
"114",1710.1428,798.0021,"move",1571817369,6
"115",1712.7743,806.8709,"move",1571817369,6
"116",1714.2362,813.2058,"move",1571817369,6
"117",1715.5032,820.6128,"move",1571817369,6
"118",1715.1133,824.901,"move",1571817369,6
"119",1712.7743,829.0918,"move",1571817369,6
"120",1710.4352,833.6724,"move",1571817369,6
"121",1707.6089,839.90985,"move",1571817369,6
"122",1706.7317,841.7616,"move",1571817369,6
"123",1706.147,844.10065,"move",1571817369,6
"124",1707.9987,847.5117,"move",1571817369,6
"125",1707.9987,847.5117,"up",1571817369,6
"126",1507.1322,630.07855,"down",1571817378,7
"127",1507.1322,630.07855,"move",1571817378,7
"128",1530.7177,627.5446,"move",1571817378,7
"129",1561.7102,626.86237,"move",1571817378,7
"130",1592.2153,628.5192,"move",1571817378,7
"131",1620.5764,629.49384,"move",1571817378,7
"132",1647.8655,632.2227,"move",1571817378,7
"133",1662.3871,634.5617,"move",1571817378,7
"134",1683.8284,638.94745,"move",1571817378,7
"135",1695.0364,640.4093,"move",1571817378,7
"136",1705.1724,641.67633,"move",1571817378,7
"137",1710.4352,642.55347,"move",1571817378,7
"138",1712.287,641.4814,"move",1571817378,7
"139",1712.287,641.4814,"up",1571817378,7
"140",1496.4115,859.40186,"down",1571817387,8
"141",1496.4115,859.40186,"move",1571817387,8
"142",1510.8357,855.1136,"move",1571817387,8
"143",1535.006,851.9949,"move",1571817387,8
"144",1600.3046,844.4905,"move",1571817387,8
"145",1640.8483,840.39716,"move",1571817387,8
"146",1678.2732,837.76575,"move",1571817387,8
"147",1689.676,837.27844,"move",1571817387,8
"148",1694.1593,835.23175,"move",1571817387,8
"149",1694.1593,835.23175,"up",1571817387,8
"150",1724.8594,868.2707,"down",1571817393,9
"151",1721.2533,865.93164,"move",1571817393,9
"152",1717.5498,866.3215,"move",1571817393,9
"153",1679.6376,877.1395,"move",1571817393,9
"154",1641.3356,885.3262,"move",1571817393,9
"155",1589.2915,890.78394,"move",1571817393,9
"156",1541.4384,895.1696,"move",1571817393,9
"157",1517.3656,895.55945,"move",1571817393,9
"158",1506.6449,893.0255,"move",1571817394,9
"159",1503.8185,893.90265,"move",1571817394,9
"160",1503.8185,893.90265,"up",1571817394,9
"161",1716.6727,579.8867,"down",1571817401,10
"162",1716.6727,579.8867,"move",1571817401,10
"163",1711.7997,570.33563,"move",1571817401,10
"164",1684.9005,569.75085,"move",1571817401,10
"165",1633.9286,576.768,"move",1571817401,10
"166",1577.8887,586.2216,"move",1571817401,10
"167",1533.0568,596.16254,"move",1571817401,10
"168",1519.2173,599.76855,"move",1571817401,10
"169",1510.9331,604.9339,"move",1571817401,10
"170",1510.9331,604.9339,"up",1571817401,10
"171",1509.2764,910.27594,"down",1571817410,11
"172",1509.2764,910.27594,"move",1571817410,11
"173",1514.0519,905.208,"move",1571817410,11
"174",1551.7692,899.16547,"move",1571817410,11
"175",1595.3341,890.68646,"move",1571817410,11
"176",1643.0898,884.1567,"move",1571817410,11
"177",1679.5402,883.0846,"move",1571817410,11
"178",1695.3287,883.0846,"move",1571817410,11
"179",1701.079,883.4744,"move",1571817410,11
"180",1702.8333,883.0846,"move",1571817410,11
"181",1702.8333,883.0846,"up",1571817410,11
"182",1539.3917,891.9534,"down",1571817416,12
"183",1539.3917,891.9534,"move",1571817416,12
"184",1539.1968,887.37286,"move",1571817416,12
"185",1536.273,875.7751,"move",1571817416,12
"186",1530.5227,842.2489,"move",1571817416,12
"187",1522.6284,804.337,"move",1571817416,12
"188",1519.2173,773.73456,"move",1571817416,12
"189",1518.0477,757.8486,"move",1571817416,12
"190",1516.5858,739.2337,"move",1571817416,12
"191",1514.8315,721.49603,"move",1571817416,12
"192",1513.9545,709.31354,"move",1571817416,12
"193",1513.662,701.6142,"move",1571817416,12
"194",1513.1748,693.91486,"move",1571817416,12
"195",1508.3992,690.6012,"move",1571817416,12
"196",1508.3992,690.6012,"up",1571817416,12
"197",1503.5261,912.615,"down",1571817421,13
"198",1503.5261,912.615,"move",1571817421,13
"199",1508.3992,901.0172,"move",1571817421,13
"200",1512.9799,871.58435,"move",1571817421,13
"201",1515.7087,835.23175,"move",1571817421,13
"202",1522.726,782.31104,"move",1571817421,13
"203",1529.2557,726.6614,"move",1571817421,13
"204",1530.7177,683.48663,"move",1571817421,13
"205",1530.7177,647.5239,"move",1571817421,13
"206",1530.7177,625.5954,"move",1571817421,13
"207",1531.5948,610.48914,"move",1571817421,13
"208",1530.3279,604.05676,"move",1571817421,13
"209",1530.3279,604.05676,"up",1571817421,13
"210",1488.6146,852.9695,"down",1571817428,14
"211",1485.5934,849.266,"move",1571817428,14
"212",1485.2035,836.4013,"move",1571817428,14
"213",1485.2035,816.9093,"move",1571817428,14
"214",1486.1781,768.37427,"move",1571817428,14
"215",1488.6146,722.8605,"move",1571817428,14
"216",1491.1487,695.1818,"move",1571817428,14
"217",1497.776,646.8417,"move",1571817428,14
"218",1501.1871,622.4767,"move",1571817428,14
"219",1505.8652,584.9546,"move",1571817428,14
"220",1509.7637,564.00073,"move",1571817429,14
"221",1511.6154,553.96234,"move",1571817429,14
"222",1511.6154,553.96234,"up",1571817429,14
"223",1690.1633,881.3303,"down",1571817437,15
"224",1690.0659,880.4532,"move",1571817437,15
"225",1687.0447,879.1862,"move",1571817437,15
"226",1654.7852,886.2033,"move",1571817437,15
"227",1624.1825,886.39825,"move",1571817437,15
"228",1592.1179,887.2754,"move",1571817437,15
"229",1578.6683,887.2754,"move",1571817437,15
"230",1572.1384,885.42365,"move",1571817438,15
"231",1570.1892,884.35156,"move",1571817438,15
"232",1568.9222,884.0592,"move",1571817438,15
"233",1565.8035,883.96173,"move",1571817438,15
"234",1562.0026,884.1567,"move",1571817438,15
"235",1553.5234,884.93634,"move",1571817438,15
"236",1548.4556,885.1313,"move",1571817438,15
"237",1546.6038,885.1313,"move",1571817438,15
"238",1544.3622,886.39825,"move",1571817438,15
"239",1544.3622,886.39825,"up",1571817438,15
"240",1666.6753,590.0225,"down",1571817443,16
"241",1668.2347,589.24286,"move",1571817443,16
"242",1668.4297,588.5606,"move",1571817443,16
"243",1674.5697,610.39166,"move",1571817443,16
"244",1675.6417,629.59125,"move",1571817443,16
"245",1675.1544,672.27875,"move",1571817443,16
"246",1670.8661,725.9792,"move",1571817443,16
"247",1667.2601,756.5816,"move",1571817443,16
"248",1663.3617,783.4805,"move",1571817443,16
"249",1655.5648,824.02386,"move",1571817443,16
"250",1651.2765,846.43964,"move",1571817443,16
"251",1648.3528,860.4739,"move",1571817443,16
"252",1642.1152,877.91925,"move",1571817443,16
"253",1638.3143,887.86017,"move",1571817443,16
"254",1635.3905,889.61444,"move",1571817443,16
"255",1635.3905,889.61444,"up",1571817443,16
"256",1716.3802,887.86017,"down",1571817449,17
"257",1718.8168,887.4703,"move",1571817449,17
"258",1719.499,886.0084,"move",1571817449,17
"259",1709.1682,890.589,"move",1571817449,17
"260",1678.2732,891.4662,"move",1571817449,17
"261",1629.7378,891.27124,"move",1571817449,17
"262",1588.4144,890.4916,"move",1571817449,17
"263",1553.3285,890.10175,"move",1571817449,17
"264",1518.3402,890.8814,"move",1571817449,17
"265",1497.1912,891.27124,"move",1571817449,17
"266",1485.7883,892.44073,"move",1571817449,17
"267",1485.7883,892.44073,"up",1571817449,17
"268",1492.708,583.1029,"down",1571817454,18
"269",1494.8522,581.93335,"move",1571817454,18
"270",1497.0938,579.3994,"move",1571817454,18
"271",1498.3607,580.47144,"move",1571817454,18
"272",1505.7677,588.9505,"move",1571817454,18
"273",1515.2214,601.91266,"move",1571817454,18
"274",1528.671,622.1843,"move",1571817454,18
"275",1537.6373,634.5617,"move",1571817454,18
"276",1549.5276,653.3715,"move",1571817455,18
"277",1564.0492,682.21967,"move",1571817455,18
"278",1576.4268,712.62714,"move",1571817455,18
"279",1585.783,739.91595,"move",1571817455,18
"280",1600.9868,788.06116,"move",1571817455,18
"281",1609.271,813.3033,"move",1571817455,18
"282",1617.0679,835.4267,"move",1571817455,18
"283",1621.3561,851.9949,"move",1571817455,18
"284",1624.7672,861.351,"move",1571817455,18
"285",1624.9622,859.88916,"move",1571817455,18
"286",1624.9622,859.88916,"up",1571817455,18
"287",1657.2217,882.30493,"down",1571817461,19
"288",1655.2725,879.1862,"move",1571817461,19
"289",1658.2937,879.2837,"move",1571817461,19
"290",1641.5305,883.37695,"move",1571817461,19
"291",1617.945,882.69476,"move",1571817461,19
"292",1582.3718,883.0846,"move",1571817461,19
"293",1546.019,891.9534,"move",1571817461,19
"294",1528.2811,895.0722,"move",1571817461,19
"295",1501.1871,898.6782,"move",1571817462,19
"296",1490.5638,901.69946,"move",1571817462,19
"297",1490.5638,901.69946,"up",1571817462,19
"298",1495.4369,556.3014,"down",1571817467,20
"299",1495.4369,556.3014,"move",1571817467,20
"300",1500.8947,555.1319,"move",1571817467,20
"301",1531.9846,573.94165,"move",1571817467,20
"302",1568.5325,591.0946,"move",1571817467,20
"303",1607.0294,610.0993,"move",1571817467,20
"304",1638.9965,630.07855,"move",1571817467,20
"305",1657.8064,641.28644,"move",1571817467,20
"306",1669.7941,647.329,"move",1571817467,20
"307",1672.328,650.3502,"move",1571817467,20
"308",1672.328,650.3502,"up",1571817467,20
"309",1508.5941,573.162,"down",1571817472,21
"310",1511.2256,574.5264,"move",1571817472,21
"311",1512.1027,578.035,"move",1571817472,21
"312",1515.9037,594.7006,"move",1571817472,21
"313",1526.5269,634.0744,"move",1571817472,21
"314",1546.019,676.07965,"move",1571817472,21
"315",1564.9264,716.5256,"move",1571817472,21
"316",1584.8083,758.53076,"move",1571817472,21
"317",1593.4823,778.4126,"move",1571817472,21
"318",1600.8894,795.663,"move",1571817472,21
"319",1606.0548,805.5065,"move",1571817472,21
"320",1606.0548,805.5065,"up",1571817472,21
"321",1627.9834,575.9883,"down",1571817477,22
"322",1627.9834,575.9883,"move",1571817477,22
"323",1628.6656,571.89496,"move",1571817478,22
"324",1617.3602,572.0899,"move",1571817478,22
"325",1575.5496,575.2086,"move",1571817478,22
"326",1537.7349,578.22986,"move",1571817478,22
"327",1512.7849,584.46735,"move",1571817478,22
"328",1494.2673,589.82764,"move",1571817478,22
"329",1491.0511,590.31494,"move",1571817478,22
"330",1491.0511,590.31494,"up",1571817478,22
"331",1688.1167,839.42255,"down",1571817483,23
"332",1688.0193,838.44794,"move",1571817483,23
"333",1689.676,833.4775,"move",1571817483,23
"334",1696.9856,813.49817,"move",1571817483,23
"335",1699.6171,784.94244,"move",1571817483,23
"336",1699.5197,754.4375,"move",1571817483,23
"337",1696.2059,712.91956,"move",1571817483,23
"338",1685.7776,669.3549,"move",1571817483,23
"339",1676.7137,644.89246,"move",1571817483,23
"340",1663.3617,616.33673,"move",1571817484,23
"341",1648.0603,589.6327,"move",1571817484,23
"342",1636.4625,573.2594,"move",1571817484,23
"343",1629.153,565.3652,"move",1571817484,23
"344",1621.746,566.3398,"move",1571817484,23
"345",1621.746,566.3398,"up",1571817484,23
"346",1545.1418,571.6026,"down",1571817490,24
"347",1545.1418,571.6026,"move",1571817490,24
"348",1540.1714,564.6829,"move",1571817490,24
"349",1543.7773,589.92505,"move",1571817490,24
"350",1558.494,626.27765,"move",1571817490,24
"351",1574.9648,659.80383,"move",1571817490,24
"352",1591.8256,693.3301,"move",1571817490,24
"353",1611.1228,729.6826,"move",1571817490,24
"354",1625.0596,753.6578,"move",1571817490,24
"355",1635.1956,771.8828,"move",1571817490,24
"356",1650.2045,800.0487,"move",1571817491,24
"357",1657.6115,813.9855,"move",1571817491,24
"358",1663.3617,824.3162,"move",1571817491,24
"359",1666.8702,828.31213,"move",1571817491,24
"360",1666.8702,828.31213,"up",1571817491,24
"361",1713.1641,596.55237,"down",1571817497,25
"362",1711.8971,593.8235,"move",1571817497,25
"363",1728.4655,606.5907,"move",1571817497,25
"364",1746.7881,654.44354,"move",1571817497,25
"365",1749.517,666.13873,"move",1571817497,25
"366",1757.6062,728.5131,"move",1571817497,25
"367",1753.8052,785.0399,"move",1571817498,25
"368",1750.4916,807.06586,"move",1571817498,25
"369",1750.4916,807.06586,"up",1571817498,25
"370",1698.9348,857.5501,"down",1571817502,26
"371",1700.3967,857.5501,"move",1571817502,26
"372",1707.3164,852.77454,"move",1571817502,26
"373",1721.8381,835.5242,"move",1571817502,26
"374",1728.9528,809.9896,"move",1571817502,26
"375",1733.7283,767.88696,"move",1571817502,26
"376",1734.3131,722.763,"move",1571817502,26
"377",1731.0968,696.64374,"move",1571817502,26
"378",1722.8127,654.24866,"move",1571817503,26
"379",1715.2108,634.26935,"move",1571817503,26
"380",1704.3926,613.4129,"move",1571817503,26
"381",1688.9939,595.1879,"move",1571817503,26
"382",1674.2772,589.0479,"move",1571817503,26
"383",1674.2772,589.0479,"up",1571817503,26
"384",1694.2567,592.0692,"down",1571817510,27
"385",1692.5999,589.0479,"move",1571817510,27
"386",1695.3287,588.07336,"move",1571817510,27
"387",1680.0275,597.6244,"move",1571817510,27
"388",1649.4248,618.5783,"move",1571817510,27
"389",1585.9779,664.5794,"move",1571817510,27
"390",1529.4507,702.39386,"move",1571817510,27
"391",1503.916,715.8433,"move",1571817510,27
"392",1499.8226,716.5256,"move",1571817510,27
"393",1499.8226,716.5256,"up",1571817510,27
"394",1480.428,644.6001,"down",1571817516,28
"395",1479.6483,643.23566,"move",1571817516,28
"396",1481.305,638.655,"move",1571817516,28
"397",1502.8439,637.48553,"move",1571817516,28
"398",1532.5695,630.4684,"move",1571817516,28
"399",1568.6299,621.2097,"move",1571817516,28
"400",1607.5167,609.3196,"move",1571817516,28
"401",1642.7,599.37866,"move",1571817516,28
"402",1668.917,590.5098,"move",1571817516,28
"403",1685.2903,585.14954,"move",1571817516,28
"404",1692.4049,582.8105,"move",1571817516,28
"405",1693.477,581.44604,"move",1571817516,28
"406",1693.477,581.44604,"up",1571817516,28
"407",1479.6483,890.589,"down",1571817521,29
"408",1479.9407,890.589,"move",1571817521,29
"409",1484.034,885.42365,"move",1571817521,29
"410",1501.382,882.4998,"move",1571817522,29
"411",1541.9257,870.3173,"move",1571817522,29
"412",1579.8379,861.54596,"move",1571817522,29
"413",1619.5044,859.88916,"move",1571817522,29
"414",1638.6067,859.40186,"move",1571817522,29
"415",1659.8531,856.86786,"move",1571817522,29
"416",1665.8956,855.69836,"move",1571817522,29
"417",1666.4805,855.406,"move",1571817522,29
"418",1666.4805,855.406,"up",1571817522,29
"419",1654.4928,849.94824,"down",1571817528,30
"420",1654.6876,849.94824,"move",1571817528,30
"421",1655.3699,840.98193,"move",1571817528,30
"422",1650.8867,830.94354,"move",1571817528,30
"423",1636.0726,798.58685,"move",1571817528,30
"424",1623.4028,776.0736,"move",1571817528,30
"425",1605.6649,746.44574,"move",1571817528,30
"426",1579.448,711.2627,"move",1571817528,30
"427",1563.367,690.5037,"move",1571817528,30
"428",1543.8749,666.5286,"move",1571817528,30
"429",1522.4335,640.8966,"move",1571817528,30
"430",1506.6449,623.3538,"move",1571817528,30
"431",1495.5343,611.0739,"move",1571817528,30
"432",1480.8177,599.47614,"move",1571817528,30
"433",1477.6991,600.3533,"move",1571817528,30
"434",1477.6991,600.3533,"up",1571817528,30
"435",1509.5687,848.38885,"down",1571817533,31
"436",1507.8145,844.8803,"move",1571817533,31
"437",1510.9331,841.56665,"move",1571817533,31
"438",1509.0814,833.2826,"move",1571817533,31
"439",1503.5261,814.57025,"move",1571817533,31
"440",1501.8693,801.70557,"move",1571817533,31
"441",1500.9922,783.6755,"move",1571817533,31
"442",1500.9922,767.2047,"move",1571817533,31
"443",1500.9922,752.09845,"move",1571817533,31
"444",1500.6998,723.7376,"move",1571817533,31
"445",1499.8226,706.1948,"move",1571817533,31
"446",1499.4327,683.97394,"move",1571817533,31
"447",1499.6277,666.2362,"move",1571817533,31
"448",1499.6277,636.8033,"move",1571817533,31
"449",1499.6277,621.9894,"move",1571817533,31
"450",1499.5303,606.10345,"move",1571817533,31
"451",1498.848,600.8406,"move",1571817533,31
"452",1498.848,600.8406,"up",1571817533,31
"453",1503.0388,577.15784,"down",1571817538,32
"454",1504.1108,576.768,"move",1571817538,32
"455",1512.9799,574.3315,"move",1571817538,32
"456",1537.15,595.09045,"move",1571817538,32
"457",1561.6127,623.06146,"move",1571817538,32
"458",1591.5332,655.41815,"move",1571817538,32
"459",1612.8771,684.6561,"move",1571817538,32
"460",1631.3945,716.81793,"move",1571817538,32
"461",1642.5051,738.649,"move",1571817538,32
"462",1653.8105,762.72156,"move",1571817538,32
"463",1661.0226,777.9253,"move",1571817538,32
"464",1664.2388,786.59924,"move",1571817538,32
"465",1663.9464,793.8113,"move",1571817538,32
"466",1663.9464,793.8113,"up",1571817538,32
"467",1572.5283,576.1832,"down",1571817543,33
"468",1574.1852,578.5223,"move",1571817543,33
"469",1575.5496,574.8188,"move",1571817543,33
"470",1603.9106,579.3994,"move",1571817543,33
"471",1637.6321,581.93335,"move",1571817543,33
"472",1663.654,583.39526,"move",1571817543,33
"473",1686.0701,587.9759,"move",1571817543,33
"474",1701.3713,591.97174,"move",1571817543,33
"475",1706.3418,593.3362,"move",1571817544,33
"476",1710.0453,594.11584,"move",1571817544,33
"477",1710.4352,596.55237,"move",1571817544,33
"478",1710.4352,596.55237,"up",1571817544,33
"479",1687.8243,857.1603,"down",1571817549,34
"480",1687.4344,857.0628,"move",1571817549,34
"481",1686.5574,854.9187,"move",1571817549,34
"482",1679.2478,841.1768,"move",1571817549,34
"483",1667.3575,819.6382,"move",1571817550,34
"484",1650.4968,787.4764,"move",1571817550,34
"485",1636.4625,760.57745,"move",1571817550,34
"486",1624.2799,736.115,"move",1571817550,34
"487",1609.6609,701.8091,"move",1571817550,34
"488",1600.9868,683.38916,"move",1571817550,34
"489",1591.8256,666.3337,"move",1571817550,34
"490",1576.4268,641.57886,"move",1571817550,34
"491",1568.0452,630.371,"move",1571817550,34
"492",1563.1721,627.25226,"move",1571817550,34
"493",1563.1721,627.25226,"up",1571817550,34
"494",1705.0748,877.52936,"down",1571817555,35
"495",1706.6343,877.237,"move",1571817555,35
"496",1704.685,869.2453,"move",1571817555,35
"497",1664.4337,872.6564,"move",1571817555,35
"498",1628.0809,874.31323,"move",1571817555,35
"499",1580.715,879.08875,"move",1571817555,35
"500",1544.9469,882.4998,"move",1571817555,35
"501",1533.0568,885.6186,"move",1571817555,35
"502",1533.0568,885.6186,"up",1571817555,35
"503",1714.0413,890.78394,"down",1571817559,36
"504",1711.7997,888.3474,"move",1571817559,36
"505",1708.1936,887.56775,"move",1571817559,36
"506",1674.2772,894.195,"move",1571817560,36
"507",1625.8394,898.58075,"move",1571817560,36
"508",1579.0582,899.4579,"move",1571817560,36
"509",1540.5612,897.4112,"move",1571817560,36
"510",1520.3868,898.1909,"move",1571817560,36
"511",1520.3868,898.1909,"up",1571817560,36
"512",1674.2772,866.6139,"down",1571817564,37
"513",1674.2772,866.6139,"move",1571817564,37
"514",1679.93,859.6942,"move",1571817564,37
"515",1685.6802,850.9228,"move",1571817564,37
"516",1690.3583,826.75275,"move",1571817564,37
"517",1692.5999,795.858,"move",1571817564,37
"518",1692.5999,764.86566,"move",1571817564,37
"519",1688.604,735.6277,"move",1571817564,37
"520",1679.6376,699.5675,"move",1571817564,37
"521",1670.184,674.3254,"move",1571817564,37
"522",1662.8744,656.7826,"move",1571817564,37
"523",1653.6156,637.7779,"move",1571817564,37
"524",1651.9587,633.6846,"move",1571817564,37
"525",1651.4714,633.6846,"move",1571817564,37
"526",1651.4714,633.6846,"up",1571817564,37
"527",1675.5443,864.17737,"down",1571817569,38
"528",1673.5951,860.8637,"move",1571817569,38
"529",1676.4214,857.2577,"move",1571817569,38
"530",1684.9979,855.0161,"move",1571817569,38
"531",1691.2355,851.02026,"move",1571817569,38
"532",1697.0831,840.88446,"move",1571817569,38
"533",1702.5409,808.72266,"move",1571817569,38
"534",1703.6129,778.2177,"move",1571817569,38
"535",1702.151,751.7086,"move",1571817569,38
"536",1696.011,705.7075,"move",1571817569,38
"537",1691.3329,679.9781,"move",1571817569,38
"538",1685.4852,656.2953,"move",1571817569,38
"539",1673.4976,624.23096,"move",1571817569,38
"540",1666.188,613.0231,"move",1571817569,38
"541",1663.3617,613.12054,"move",1571817569,38
"542",1663.3617,613.12054,"up",1571817569,38
"543",1516.7808,649.668,"down",1571817574,39
"544",1519.7046,650.935,"move",1571817574,39
"545",1521.7513,645.96454,"move",1571817574,39
"546",1552.5488,643.23566,"move",1571817574,39
"547",1596.5037,629.59125,"move",1571817574,39
"548",1642.0178,613.7053,"move",1571817574,39
"549",1672.4255,601.3279,"move",1571817574,39
"550",1686.4598,597.4295,"move",1571817574,39
"551",1691.0405,597.33203,"move",1571817574,39
"552",1691.0405,597.33203,"up",1571817574,39
"553",1689.2863,587.3911,"down",1571817579,40
"554",1690.0659,588.5606,"move",1571817579,40
"555",1671.1586,590.41235,"move",1571817579,40
"556",1598.9402,620.5275,"move",1571817579,40
"557",1546.2139,635.6338,"move",1571817579,40
"558",1501.6744,648.59595,"move",1571817579,40
"559",1486.1781,654.1512,"move",1571817579,40
"560",1486.1781,654.1512,"up",1571817579,40
"561",1693.2821,869.9275,"down",1571817583,41
"562",1693.2821,869.9275,"move",1571817583,41
"563",1696.4983,860.9612,"move",1571817583,41
"564",1700.5917,838.83777,"move",1571817583,41
"565",1700.1044,811.7439,"move",1571817583,41
"566",1695.7186,773.832,"move",1571817583,41
"567",1691.138,739.5261,"move",1571817583,41
"568",1684.803,697.22845,"move",1571817583,41
"569",1681.0995,669.9397,"move",1571817583,41
"570",1678.1757,650.7401,"move",1571817583,41
"571",1673.6925,625.9852,"move",1571817583,41
"572",1670.4763,619.2605,"move",1571817584,41
"573",1670.4763,619.5529,"move",1571817584,41
"574",1670.4763,619.5529,"up",1571817584,41
"575",1614.8263,586.31903,"down",1571817590,42
"576",1614.8263,586.31903,"move",1571817590,42
"577",1614.7288,583.98004,"move",1571817590,42
"578",1603.4233,597.4295,"move",1571817590,42
"579",1577.3038,641.9687,"move",1571817590,42
"580",1556.8372,684.94855,"move",1571817590,42
"581",1529.743,740.2083,"move",1571817590,42
"582",1506.1576,788.06116,"move",1571817590,42
"583",1497.9708,810.1846,"move",1571817590,42
"584",1495.8268,821.39246,"move",1571817590,42
"585",1496.0216,825.68066,"move",1571817590,42
"586",1496.0216,825.68066,"up",1571817590,42
"587",1647.4756,590.31494,"down",1571817595,43
"588",1650.2045,590.0225,"move",1571817595,43
"589",1650.7892,602.10754,"move",1571817595,43
"590",1651.374,630.2735,"move",1571817595,43
"591",1646.6959,687.28754,"move",1571817595,43
"592",1643.1873,743.03467,"move",1571817595,43
"593",1638.3143,795.4681,"move",1571817595,43
"594",1635.8778,819.5407,"move",1571817596,43
"595",1635.4879,825.4858,"move",1571817596,43
"596",1635.4879,825.4858,"up",1571817596,43
"597",1491.2461,581.1537,"down",1571817600,44
"598",1487.3477,575.7934,"move",1571817600,44
"599",1489.3943,572.5772,"move",1571817600,44
"600",1503.916,610.87897,"move",1571817600,44
"601",1529.743,656.0029,"move",1571817600,44
"602",1560.5406,696.64374,"move",1571817600,44
"603",1602.2538,749.46704,"move",1571817600,44
"604",1639.5813,791.6672,"move",1571817600,44
"605",1660.1455,811.6465,"move",1571817600,44
"606",1677.0062,828.9943,"move",1571817600,44
"607",1677.0062,828.9943,"up",1571817600,44
"608",1612.1948,860.6688,"down",1571817607,45
"609",1612.1948,860.6688,"move",1571817607,45
"610",1618.9196,856.38055,"move",1571817607,45
"611",1620.284,851.7025,"move",1571817607,45
"612",1620.1866,835.6216,"move",1571817607,45
"613",1621.9409,808.3328,"move",1571817607,45
"614",1627.9834,774.0269,"move",1571817607,45
"615",1637.4371,739.0388,"move",1571817607,45
"616",1651.9587,695.864,"move",1571817607,45
"617",1661.9972,663.9946,"move",1571817607,45
"618",1668.4297,642.16364,"move",1571817607,45
"619",1673.7899,625.79034,"move",1571817607,45
"620",1676.4214,618.38336,"move",1571817607,45
"621",1676.7137,619.5529,"move",1571817607,45
"622",1676.7137,619.5529,"up",1571817607,45
"623",1523.2133,593.3362,"down",1571817613,46
"624",1523.2133,593.3362,"move",1571817613,46
"625",1523.3107,592.5565,"move",1571817613,46
"626",1527.5015,600.1584,"move",1571817613,46
"627",1537.6373,617.40875,"move",1571817613,46
"628",1552.159,642.456,"move",1571817613,46
"629",1578.0836,679.58826,"move",1571817613,46
"630",1605.47,716.9154,"move",1571817613,46
"631",1635.293,761.8444,"move",1571817613,46
"632",1650.5944,786.7942,"move",1571817613,46
"633",1659.3658,804.04456,"move",1571817613,46
"634",1665.2134,817.9814,"move",1571817613,46
"635",1667.1626,825.9731,"move",1571817614,46
"636",1667.1626,825.9731,"up",1571817614,46
"637",1523.603,626.86237,"down",1571817619,47
"638",1523.8954,627.1548,"move",1571817619,47
"639",1528.671,625.20557,"move",1571817619,47
"640",1553.2311,629.49384,"move",1571817619,47
"641",1592.0204,623.06146,"move",1571817619,47
"642",1626.3267,614.8748,"move",1571817619,47
"643",1653.8105,611.8536,"move",1571817619,47
"644",1666.9678,611.0739,"move",1571817619,47
"645",1669.989,612.4383,"move",1571817619,47
"646",1669.989,612.4383,"up",1571817619,47
"647",1551.0869,622.4767,"down",1571817624,48
"648",1551.3794,622.2818,"move",1571817624,48
"649",1554.3031,613.7053,"move",1571817624,48
"650",1558.1041,620.62494,"move",1571817624,48
"651",1560.2483,638.85,"move",1571817624,48
"652",1563.2695,678.12634,"move",1571817624,48
"653",1564.4391,730.8522,"move",1571817624,48
"654",1565.901,781.3364,"move",1571817624,48
"655",1567.2654,815.54486,"move",1571817624,48
"656",1569.4095,841.6641,"move",1571817624,48
"657",1570.8715,849.94824,"move",1571817624,48
"658",1569.0198,859.10944,"move",1571817624,48
"659",1569.0198,859.10944,"up",1571817624,48
"660",1500.8947,561.27185,"down",1571817628,49
"661",1500.8947,561.1744,"move",1571817628,49
"662",1499.3353,553.96234,"move",1571817628,49
"663",1503.3312,568.09406,"move",1571817629,49
"664",1510.4458,596.3574,"move",1571817629,49
"665",1526.7218,655.41815,"move",1571817629,49
"666",1533.8364,690.79614,"move",1571817629,49
"667",1540.0739,752.29333,"move",1571817629,49
"668",1540.4637,801.6081,"move",1571817629,49
"669",1543.3876,837.18097,"move",1571817629,49
"670",1544.2646,846.92694,"move",1571817629,49
"671",1544.2646,846.92694,"up",1571817629,49
"672",1509.9585,892.5382,"down",1571817633,50
"673",1509.9585,892.5382,"move",1571817633,50
"674",1512.8823,888.8347,"move",1571817634,50
"675",1540.1714,891.5636,"move",1571817634,50
"676",1610.1482,894.195,"move",1571817634,50
"677",1642.5051,893.90265,"move",1571817634,50
"678",1683.3411,892.73315,"move",1571817634,50
"679",1702.4434,898.1909,"move",1571817634,50
"680",1702.4434,898.1909,"up",1571817634,50
"681",1727.5883,837.4733,"down",1571817639,51
"682",1727.5883,837.4733,"move",1571817639,51
"683",1730.4147,835.3292,"move",1571817639,51
"684",1732.9486,831.91815,"move",1571817639,51
"685",1724.762,824.2188,"move",1571817640,51
"686",1713.1641,812.3287,"move",1571817640,51
"687",1682.7563,771.10315,"move",1571817640,51
"688",1655.4674,732.3141,"move",1571817640,51
"689",1630.9072,694.6945,"move",1571817640,51
"690",1608.199,658.4394,"move",1571817640,51
"691",1586.9525,627.5446,"move",1571817640,51
"692",1575.3546,610.48914,"move",1571817640,51
"693",1565.3162,608.73486,"move",1571817640,51
"694",1565.3162,608.73486,"up",1571817640,51
"695",1662.8744,870.51227,"down",1571817644,52
"696",1662.4845,867.0037,"move",1571817644,52
"697",1664.3363,864.3723,"move",1571817644,52
"698",1650.2045,870.9021,"move",1571817645,52
"699",1620.3815,872.5589,"move",1571817645,52
"700",1588.4144,874.21576,"move",1571817645,52
"701",1547.6758,877.237,"move",1571817645,52
"702",1527.2091,878.2116,"move",1571817645,52
"703",1495.4369,879.6735,"move",1571817645,52
"704",1482.3772,879.6735,"move",1571817645,52
"705",1471.2666,879.4786,"move",1571817645,52
"706",1463.6647,880.843,"move",1571817645,52
"707",1463.6647,880.843,"up",1571817645,52
"708",1665.4083,878.9913,"down",1571817651,53
"709",1663.654,875.7751,"move",1571817651,53
"710",1665.6033,875.97003,"move",1571817651,53
"711",1664.044,875.2878,"move",1571817651,53
"712",1658.8785,874.0208,"move",1571817651,53
"713",1645.3314,874.80054,"move",1571817651,53
"714",1610.4406,878.2116,"move",1571817651,53
"715",1589.9738,878.40656,"move",1571817651,53
"716",1566.5833,878.9913,"move",1571817651,53
"717",1556.5448,881.3303,"move",1571817651,53
"718",1552.6464,884.35156,"move",1571817651,53
"719",1551.7692,885.8135,"move",1571817651,53
"720",1551.7692,885.8135,"up",1571817651,53
"721",1677.7859,587.8784,"down",1571817656,54
"722",1677.7859,587.8784,"move",1571817656,54
"723",1678.2732,585.9292,"move",1571817656,54
"724",1664.921,612.8282,"move",1571817657,54
"725",1638.899,664.48193,"move",1571817657,54
"726",1602.8386,739.91595,"move",1571817657,54
"727",1569.8969,805.409,"move",1571817657,54
"728",1552.5488,836.986,"move",1571817657,54
"729",1547.1885,848.5838,"move",1571817657,54
"730",1547.1885,848.5838,"up",1571817657,54
"731",1519.0223,592.2641,"down",1571817662,55
"732",1519.8021,591.2895,"move",1571817662,55
"733",1526.2345,598.30664,"move",1571817662,55
"734",1547.3834,629.98114,"move",1571817662,55
"735",1584.4185,687.1901,"move",1571817662,55
"736",1613.3644,732.4115,"move",1571817662,55
"737",1641.1406,778.8999,"move",1571817662,55
"738",1656.6368,807.26074,"move",1571817662,55
"739",1661.5099,816.3245,"move",1571817662,55
"740",1664.044,822.07465,"move",1571817662,55
"741",1664.044,822.07465,"up",1571817662,55
"742",1657.514,579.3994,"down",1571817670,56
"743",1657.514,579.3994,"move",1571817670,56
"744",1657.6115,578.61975,"move",1571817670,56
"745",1645.8187,609.22217,"move",1571817670,56
"746",1626.814,648.7909,"move",1571817670,56
"747",1608.2964,683.1943,"move",1571817670,56
"748",1581.0074,728.41565,"move",1571817670,56
"749",1560.833,759.60284,"move",1571817670,56
"750",1526.2345,809.20996,"move",1571817670,56
"751",1511.2256,832.11304,"move",1571817670,56
"752",1499.92,844.9778,"move",1571817670,56
"753",1496.3141,849.36346,"move",1571817670,56
"754",1498.4581,849.6558,"move",1571817670,56
"755",1498.4581,849.6558,"up",1571817670,56
"756",1505.183,578.71716,"down",1571817675,57
"757",1505.183,578.71716,"move",1571817675,57
"758",1503.8185,575.11115,"move",1571817675,57
"759",1505.7677,607.27295,"move",1571817675,57
"760",1508.1068,654.0537,"move",1571817675,57
"761",1511.2256,699.0802,"move",1571817675,57
"762",1513.4672,761.74695,"move",1571817675,57
"763",1517.7554,812.7185,"move",1571817675,57
"764",1519.4122,832.7953,"move",1571817675,57
"765",1519.7046,852.6771,"move",1571817675,57
"766",1522.531,864.27484,"move",1571817675,57
"767",1522.726,865.152,"move",1571817676,57
"768",1522.726,865.152,"up",1571817676,57
"769",1653.6156,589.5352,"down",1571817680,58
"770",1654.1029,585.8318,"move",1571817680,58
"771",1656.0521,583.00543,"move",1571817680,58
"772",1654.9801,600.5482,"move",1571817680,58
"773",1646.306,627.837,"move",1571817680,58
"774",1631.4921,668.57526,"move",1571817680,58
"775",1605.5675,725.78424,"move",1571817680,58
"776",1587.0499,758.1409,"move",1571817680,58
"777",1552.354,810.37946,"move",1571817680,58
"778",1539.5865,830.84607,"move",1571817680,58
"779",1529.5481,847.70667,"move",1571817680,58
"780",1524.9675,855.5034,"move",1571817680,58
"781",1522.9208,862.8129,"move",1571817680,58
"782",1522.9208,862.8129,"up",1571817680,58
"783",1498.848,866.90625,"down",1571817684,59
"784",1501.4795,870.3173,"move",1571817684,59
"785",1499.4327,868.07574,"move",1571817684,59
"786",1500.6998,866.8088,"move",1571817685,59
"787",1504.1108,856.38055,"move",1571817685,59
"788",1506.255,841.37177,"move",1571817685,59
"789",1512.8823,819.24835,"move",1571817685,59
"790",1520.1919,798.68427,"move",1571817685,59
"791",1533.8364,769.2514,"move",1571817685,59
"792",1549.7225,736.6023,"move",1571817685,59
"793",1559.761,713.01697,"move",1571817685,59
"794",1578.2784,672.6686,"move",1571817685,59
"795",1587.9271,650.05786,"move",1571817685,59
"796",1595.0417,627.73956,"move",1571817685,59
"797",1601.0844,609.41705,"move",1571817685,59
"798",1604.8853,602.88727,"move",1571817685,59
"799",1606.6395,601.3279,"move",1571817685,59
"800",1606.0548,601.91266,"move",1571817685,59
"801",1606.0548,601.91266,"up",1571817685,59
"802",1504.3058,580.0816,"down",1571817690,60
"803",1504.3058,579.20447,"move",1571817691,60
"804",1501.4795,571.31024,"move",1571817691,60
"805",1512.0052,582.713,"move",1571817691,60
"806",1531.3025,616.0443,"move",1571817691,60
"807",1556.1549,663.31244,"move",1571817691,60
"808",1592.7026,733.4836,"move",1571817691,60
"809",1630.4199,798.58685,"move",1571817691,60
"810",1646.306,826.07056,"move",1571817691,60
"811",1649.1324,834.64703,"move",1571817691,60
"812",1649.1324,834.64703,"up",1571817691,60
"813",1512.7849,888.05505,"down",1571817696,61
"814",1515.5138,890.10175,"move",1571817696,61
"815",1513.2722,885.5211,"move",1571817696,61
"816",1515.5138,885.91095,"move",1571817696,61
"817",1520.1919,884.83887,"move",1571817696,61
"818",1528.671,883.96173,"move",1571817696,61
"819",1557.6168,883.37695,"move",1571817696,61
"820",1578.8633,881.4278,"move",1571817696,61
"821",1608.3938,878.8938,"move",1571817696,61
"822",1638.7041,876.84717,"move",1571817697,61
"823",1655.7598,875.6777,"move",1571817697,61
"824",1663.1667,874.70306,"move",1571817697,61
"825",1668.1372,875.5802,"move",1571817697,61
"826",1668.1372,875.5802,"up",1571817697,61
"827",1521.7513,877.237,"down",1571817702,62
"828",1521.7513,878.40656,"move",1571817702,62
"829",1521.7513,879.6735,"move",1571817702,62
"830",1542.9977,880.74554,"move",1571817702,62
"831",1559.6635,864.4697,"move",1571817702,62
"832",1579.1556,828.1172,"move",1571817702,62
"833",1596.5037,791.4722,"move",1571817702,62
"834",1614.2415,758.0435,"move",1571817702,62
"835",1633.6361,716.72046,"move",1571817702,62
"836",1647.768,683.2917,"move",1571817702,62
"837",1656.2471,661.07086,"move",1571817702,62
"838",1664.4337,630.4684,"move",1571817702,62
"839",1667.1626,616.33673,"move",1571817702,62
"840",1669.8916,598.1117,"move",1571817702,62
"841",1672.328,582.5181,"move",1571817702,62
"842",1673.5951,574.0391,"move",1571817702,62
"843",1670.7687,574.0391,"move",1571817702,62
"844",1670.7687,574.0391,"up",1571817702,62
"845",1532.1796,892.1484,"down",1571817707,63
"846",1530.1329,888.7373,"move",1571817707,63
"847",1532.1796,888.3474,"move",1571817707,63
"848",1531.3999,884.44904,"move",1571817707,63
"849",1527.3065,871.9742,"move",1571817707,63
"850",1521.0691,852.57965,"move",1571817707,63
"851",1516.8783,830.6511,"move",1571817707,63
"852",1514.7341,815.8372,"move",1571817707,63
"853",1511.323,795.07825,"move",1571817707,63
"854",1504.6957,769.15393,"move",1571817707,63
"855",1498.6531,744.594,"move",1571817707,63
"856",1494.8522,723.2503,"move",1571817707,63
"857",1491.0511,701.0294,"move",1571817708,63
"858",1487.5426,661.1683,"move",1571817708,63
"859",1486.0807,634.3668,"move",1571817708,63
"860",1486.2756,615.3621,"move",1571817708,63
"861",1486.9578,601.7177,"move",1571817708,63
"862",1486.9578,593.726,"move",1571817708,63
"863",1486.9578,593.726,"up",1571817708,63
"864",1661.315,580.8613,"down",1571817713,64
"865",1661.315,580.8613,"move",1571817713,64
"866",1665.0186,576.3781,"move",1571817713,64
"867",1678.8579,610.0993,"move",1571817713,64
"868",1687.9218,655.808,"move",1571817713,64
"869",1689.9684,725.78424,"move",1571817713,64
"870",1684.4132,795.7605,"move",1571817713,64
"871",1679.0529,826.3629,"move",1571817713,64
"872",1671.4509,853.9441,"move",1571817713,64
"873",1667.5525,862.13074,"move",1571817713,64
"874",1664.4337,871.1945,"move",1571817713,64
"875",1664.4337,871.1945,"up",1571817713,64
"876",1501.7719,904.8182,"down",1571817718,65
"877",1501.7719,904.8182,"move",1571817718,65
"878",1497.581,894.38995,"move",1571817718,65
"879",1528.1837,896.1442,"move",1571817718,65
"880",1608.3938,897.4112,"move",1571817718,65
"881",1650.9841,902.96643,"move",1571817718,65
"882",1673.4976,910.8607,"move",1571817718,65
"883",1673.4976,910.8607,"up",1571817718,65
"884",1558.9813,533.6907,"down",1571817723,66
"885",1558.8838,530.3771,"move",1571817723,66
"886",1562.2949,536.517,"move",1571817723,66
"887",1575.0623,588.07336,"move",1571817723,66
"888",1589.4865,645.37976,"move",1571817723,66
"889",1604.398,710.0932,"move",1571817723,66
"890",1617.7501,756.6791,"move",1571817723,66
"891",1636.6575,801.90045,"move",1571817723,66
"892",1650.0095,826.3629,"move",1571817723,66
"893",1667.0652,853.3593,"move",1571817723,66
"894",1675.7391,866.8088,"move",1571817723,66
"895",1678.0782,870.8046,"move",1571817723,66
"896",1678.0782,870.8046,"up",1571817723,66
"897",1683.4386,575.0137,"down",1571817730,67
"898",1682.464,573.7467,"move",1571817730,67
"899",1686.6548,577.84,"move",1571817730,67
"900",1694.2567,594.0184,"move",1571817730,67
"901",1699.4221,629.7862,"move",1571817730,67
"902",1700.9814,672.3762,"move",1571817730,67
"903",1698.2526,732.02167,"move",1571817730,67
"904",1694.2567,762.81903,"move",1571817730,67
"905",1687.6294,790.5951,"move",1571817730,67
"906",1680.4172,806.4811,"move",1571817730,67
"907",1667.2601,832.60034,"move",1571817730,67
"908",1668.3322,836.20636,"move",1571817730,67
"909",1668.3322,836.20636,"up",1571817730,67
"910",1518.4376,583.7851,"down",1571817735,68
"911",1519.997,582.3232,"move",1571817735,68
"912",1522.6284,580.27655,"move",1571817735,68
"913",1537.7349,595.3828,"move",1571817735,68
"914",1558.3965,625.0107,"move",1571817735,68
"915",1585.9779,677.54156,"move",1571817735,68
"916",1611.8049,739.42865,"move",1571817735,68
"917",1623.5002,773.832,"move",1571817735,68
"918",1631.6869,803.5573,"move",1571817735,68
"919",1637.4371,835.5242,"move",1571817735,68
"920",1638.3143,845.27014,"move",1571817735,68
"921",1637.1448,848.5838,"move",1571817735,68
"922",1637.1448,848.5838,"up",1571817735,68
"923",1509.1788,574.42896,"down",1571817740,69
"924",1509.1788,574.42896,"move",1571817740,69
"925",1506.7423,572.28485,"move",1571817740,69
"926",1521.9462,575.501,"move",1571817740,69
"927",1546.7987,577.15784,"move",1571817740,69
"928",1599.4275,571.89496,"move",1571817740,69
"929",1625.1571,570.1407,"move",1571817740,69
"930",1651.7638,572.6747,"move",1571817740,69
"931",1663.3617,577.54767,"move",1571817740,69
"932",1665.8956,584.66223,"move",1571817740,69
"933",1665.8956,584.66223,"up",1571817740,69
"934",1670.3788,887.7627,"down",1571817744,70
"935",1670.3788,887.56775,"move",1571817744,70
"936",1673.4001,884.44904,"move",1571817744,70
"937",1670.5737,886.3008,"move",1571817744,70
"938",1657.3191,891.0763,"move",1571817745,70
"939",1637.6321,898.6782,"move",1571817745,70
"940",1602.4487,912.615,"move",1571817745,70
"941",1575.4521,918.75494,"move",1571817745,70
"942",1555.1803,919.5346,"move",1571817745,70
"943",1540.4637,919.24225,"move",1571817745,70
"944",1528.866,917.9753,"move",1571817745,70
"945",1520.6792,918.9499,"move",1571817745,70
"946",1520.6792,918.9499,"up",1571817745,70
"947",1506.255,913.1023,"down",1571817749,71
"948",1506.255,913.1023,"move",1571817749,71
"949",1504.7931,912.0302,"move",1571817749,71
"950",1513.662,913.1023,"move",1571817749,71
"951",1556.8372,916.3184,"move",1571817749,71
"952",1597.6732,915.1489,"move",1571817749,71
"953",1621.746,913.39465,"move",1571817749,71
"954",1643.1873,913.39465,"move",1571817749,71
"955",1645.8187,916.4159,"move",1571817749,71
"956",1645.8187,916.4159,"up",1571817749,71
"957",1501.9668,533.9831,"down",1571817753,72
"958",1505.8652,533.9831,"move",1571817753,72
"959",1507.0347,524.1396,"move",1571817754,72
"960",1509.2764,529.4999,"move",1571817754,72
"961",1508.0093,545.87317,"move",1571817754,72
"962",1501.4795,579.3994,"move",1571817754,72
"963",1498.0684,625.4005,"move",1571817754,72
"964",1494.6572,674.42285,"move",1571817754,72
"965",1494.4623,717.79254,"move",1571817754,72
"966",1494.7546,796.7351,"move",1571817754,72
"967",1494.8522,830.1639,"move",1571817754,72
"968",1497.1912,853.4568,"move",1571817754,72
"969",1497.8734,862.9104,"move",1571817754,72
"970",1497.8734,862.9104,"up",1571817754,72
"971",1476.1396,584.3699,"down",1571817758,73
"972",1474.288,577.64514,"move",1571817758,73
"973",1478.9661,573.94165,"move",1571817758,73
"974",1481.5975,595.3828,"move",1571817758,73
"975",1481.4026,649.08325,"move",1571817758,73
"976",1482.6696,717.4027,"move",1571817758,73
"977",1484.6188,757.36127,"move",1571817758,73
"978",1490.0765,812.2312,"move",1571817758,73
"979",1492.8054,832.40546,"move",1571817758,73
"980",1495.7292,847.0244,"move",1571817758,73
"981",1497.0938,854.8212,"move",1571817759,73
"982",1496.2166,860.279,"move",1571817759,73
"983",1496.2166,860.279,"up",1571817759,73
"984",1626.1317,577.9375,"down",1571817763,74
"985",1627.886,577.9375,"move",1571817763,74
"986",1638.1194,573.0645,"move",1571817763,74
"987",1639.4838,575.11115,"move",1571817763,74
"988",1625.4495,583.6876,"move",1571817763,74
"989",1586.5626,601.2304,"move",1571817763,74
"990",1559.3711,609.0272,"move",1571817763,74
"991",1548.8453,613.5104,"move",1571817763,74
"992",1541.2434,618.48083,"move",1571817763,74
"993",1534.3237,623.4513,"move",1571817763,74
"994",1528.4761,626.76495,"move",1571817763,74
"995",1524.2853,631.63794,"move",1571817763,74
"996",1524.2853,631.63794,"up",1571817763,74
"997",1646.0137,553.37756,"down",1571817767,75
"998",1647.9629,553.28015,"move",1571817767,75
"999",1653.8105,548.797,"move",1571817767,75
"1000",1658.2937,554.44965,"move",1571817767,75
"1001",1648.5476,565.46265,"move",1571817768,75
"1002",1610.9279,594.5057,"move",1571817768,75
"1003",1585.783,614.09515,"move",1571817768,75
"1004",1563.7568,633.19727,"move",1571817768,75
"1005",1545.8241,647.62134,"move",1571817768,75
"1006",1539.6841,651.81213,"move",1571817768,75
"1007",1535.9806,655.41815,"move",1571817768,75
"1008",1535.9806,655.41815,"up",1571817768,75
"1009",1514.7341,641.57886,"down",1571817772,76
"1010",1514.7341,641.57886,"move",1571817772,76
"1011",1516.5858,637.7779,"move",1571817772,76
"1012",1542.413,659.60895,"move",1571817772,76
"1013",1577.9861,686.8003,"move",1571817772,76
"1014",1631.1996,734.75055,"move",1571817773,76
"1015",1679.6376,786.89166,"move",1571817773,76
"1016",1709.3632,826.07056,"move",1571817773,76
"1017",1724.1771,849.94824,"move",1571817773,76
"1018",1732.6563,867.88086,"move",1571817773,76
"1019",1735.3851,872.4615,"move",1571817773,76
"1020",1735.3851,872.4615,"up",1571817773,76
"1021",1523.8954,872.364,"down",1571817777,77
"1022",1520.5818,871.77924,"move",1571817777,77
"1023",1523.798,874.89795,"move",1571817777,77
"1024",1539.0992,870.60974,"move",1571817777,77
"1025",1561.3203,843.02856,"move",1571817778,77
"1026",1596.1138,788.06116,"move",1571817778,77
"1027",1621.8434,746.34827,"move",1571817778,77
"1028",1648.4502,696.8386,"move",1571817778,77
"1029",1666.6753,653.5664,"move",1571817778,77
"1030",1672.328,626.0827,"move",1571817778,77
"1031",1675.8367,609.22217,"move",1571817778,77
"1032",1678.4681,597.1371,"move",1571817778,77
"1033",1678.5656,592.1666,"move",1571817778,77
"1034",1674.5697,594.0184,"move",1571817778,77
"1035",1674.5697,594.0184,"up",1571817778,77
"1036",1653.6156,565.46265,"down",1571817782,78
"1037",1657.514,567.5093,"move",1571817782,78
"1038",1655.5648,563.3185,"move",1571817782,78
"1039",1635.5853,581.1537,"move",1571817782,78
"1040",1595.2367,604.05676,"move",1571817782,78
"1041",1560.1508,624.71826,"move",1571817782,78
"1042",1539.3917,638.1677,"move",1571817782,78
"1043",1525.8446,645.76965,"move",1571817783,78
"1044",1518.9249,648.59595,"move",1571817783,78
"1045",1518.9249,648.59595,"up",1571817783,78
"1046",1653.0309,869.1478,"down",1571817787,79
"1047",1653.0309,869.05035,"move",1571817787,79
"1048",1651.0817,859.59674,"move",1571817787,79
"1049",1657.6115,841.1768,"move",1571817787,79
"1050",1669.4043,803.1674,"move",1571817787,79
"1051",1677.1036,753.6578,"move",1571817787,79
"1052",1680.7097,709.31354,"move",1571817787,79
"1053",1679.5402,660.1937,"move",1571817787,79
"1054",1676.129,636.90076,"move",1571817787,79
"1055",1672.1332,614.3875,"move",1571817787,79
"1056",1668.917,601.8152,"move",1571817787,79
"1057",1667.2601,602.9847,"move",1571817787,79
"1058",1667.2601,602.9847,"up",1571817787,79
"1059",1703.7104,830.1639,"down",1571817792,80
"1060",1701.8586,827.435,"move",1571817792,80
"1061",1705.8545,826.6553,"move",1571817792,80
"1062",1706.0494,826.55786,"move",1571817792,80
"1063",1698.4475,818.76105,"move",1571817792,80
"1064",1688.1167,803.94714,"move",1571817792,80
"1065",1671.3534,779.972,"move",1571817792,80
"1066",1644.7467,748.0051,"move",1571817792,80
"1067",1609.7583,707.1694,"move",1571817792,80
"1068",1577.0115,665.6514,"move",1571817792,80
"1069",1546.019,624.3284,"move",1571817793,80
"1070",1527.3065,601.2304,"move",1571817793,80
"1071",1519.0223,592.7514,"move",1571817793,80
"1072",1518.1453,593.53107,"move",1571817793,80
"1073",1518.1453,593.53107,"up",1571817793,80
"1074",1497.6785,876.1649,"down",1571817796,81
"1075",1497.6785,876.1649,"move",1571817796,81
"1076",1500.6023,871.09705,"move",1571817796,81
"1077",1508.0093,863.9825,"move",1571817796,81
"1078",1522.6284,845.17267,"move",1571817796,81
"1079",1539.5865,816.8118,"move",1571817796,81
"1080",1556.1549,783.578,"move",1571817797,81
"1081",1573.9902,745.1788,"move",1571817797,81
"1082",1605.5675,679.0035,"move",1571817797,81
"1083",1624.5723,644.5026,"move",1571817797,81
"1084",1644.3568,604.9339,"move",1571817797,81
"1085",1656.442,579.6918,"move",1571817797,81
"1086",1663.0693,562.83124,"move",1571817797,81
"1087",1663.0693,565.46265,"move",1571817797,81
"1088",1663.0693,565.46265,"up",1571817797,81
"1089",1624.8647,882.5973,"down",1571817800,82
"1090",1629.0555,884.44904,"move",1571817800,82
"1091",1631.1996,878.9913,"move",1571817800,82
"1092",1637.6321,869.05035,"move",1571817800,82
"1093",1644.6492,828.507,"move",1571817800,82
"1094",1648.6451,790.20526,"move",1571817801,82
"1095",1651.4714,738.649,"move",1571817801,82
"1096",1651.8613,707.26685,"move",1571817801,82
"1097",1648.3528,658.14703,"move",1571817801,82
"1098",1643.8695,636.8033,"move",1571817801,82
"1099",1637.7295,610.1967,"move",1571817801,82
"1100",1635.6829,601.2304,"move",1571817801,82
"1101",1632.2717,597.527,"move",1571817801,82
"1102",1632.2717,597.527,"up",1571817801,82
"1103",1499.3353,904.3309,"down",1571817807,83
"1104",1495.242,901.5045,"move",1571817807,83
"1105",1504.5007,895.94934,"move",1571817807,83
"1106",1510.251,894.97473,"move",1571817807,83
"1107",1516.7808,892.44073,"move",1571817807,83
"1108",1524.7726,888.4449,"move",1571817807,83
"1109",1544.3622,879.6735,"move",1571817807,83
"1110",1577.7911,872.4615,"move",1571817807,83
"1111",1637.4371,863.20276,"move",1571817807,83
"1112",1688.1167,859.59674,"move",1571817807,83
"1113",1708.8759,859.3044,"move",1571817807,83
"1114",1722.033,861.8383,"move",1571817807,83
"1115",1723.6898,863.78754,"move",1571817807,83
"1116",1723.6898,863.78754,"up",1571817807,83
"1117",1493.5852,583.59015,"down",1571817810,84
"1118",1493.5852,583.59015,"move",1571817810,84
"1119",1495.9242,581.0562,"move",1571817811,84
"1120",1509.1788,586.7089,"move",1571817811,84
"1121",1541.8282,628.6167,"move",1571817811,84
"1122",1570.4817,661.8505,"move",1571817811,84
"1123",1596.5037,688.55457,"move",1571817811,84
"1124",1644.1619,742.74225,"move",1571817811,84
"1125",1667.0652,770.71326,"move",1571817811,84
"1126",1687.8243,795.663,"move",1571817811,84
"1127",1698.545,812.42615,"move",1571817811,84
"1128",1698.545,812.42615,"up",1571817811,84
"1129",1707.3164,888.63983,"down",1571817814,85
"1130",1705.3672,884.644,"move",1571817814,85
"1131",1704.9774,879.9659,"move",1571817814,85
"1132",1691.6252,866.0291,"move",1571817814,85
"1133",1668.6245,837.5708,"move",1571817814,85
"1134",1647.6705,809.30743,"move",1571817814,85
"1135",1619.6018,771.29803,"move",1571817814,85
"1136",1596.2113,737.1871,"move",1571817815,85
"1137",1577.0115,710.678,"move",1571817815,85
"1138",1547.7733,669.06256,"move",1571817815,85
"1139",1535.9806,650.64264,"move",1571817815,85
"1140",1525.6497,636.21857,"move",1571817815,85
"1141",1520.1919,633.977,"move",1571817815,85
"1142",1520.1919,633.977,"up",1571817815,85
"1143",1622.1357,854.72375,"down",1571817819,86
"1144",1624.5723,854.5288,"move",1571817819,86
"1145",1624.2799,843.9057,"move",1571817819,86
"1146",1624.8647,826.16797,"move",1571817820,86
"1147",1628.2759,781.23895,"move",1571817820,86
"1148",1627.0088,743.22955,"move",1571817820,86
"1149",1623.8901,714.3814,"move",1571817820,86
"1150",1616.1907,667.11334,"move",1571817820,86
"1151",1610.8303,644.0153,"move",1571817820,86
"1152",1604.3005,621.2097,"move",1571817820,86
"1153",1600.1097,609.612,"move",1571817820,86
"1154",1599.5249,607.76025,"move",1571817820,86
"1155",1599.5249,607.76025,"up",1571817820,86
"1156",1485.9832,612.14594,"down",1571817824,87
"1157",1485.9832,612.14594,"move",1571817824,87
"1158",1483.6442,597.6244,"move",1571817824,87
"1159",1512.59,604.64154,"move",1571817824,87
"1160",1558.5914,612.7307,"move",1571817824,87
"1161",1620.0891,618.6758,"move",1571817824,87
"1162",1645.5264,623.06146,"move",1571817824,87
"1163",1668.5271,633.977,"move",1571817824,87
"1164",1671.9382,637.38806,"move",1571817824,87
"1165",1671.9382,637.38806,"up",1571817824,87
"1166",1686.5574,839.42255,"down",1571817828,88
"1167",1686.5574,839.42255,"move",1571817828,88
"1168",1687.4344,838.93524,"move",1571817828,88
"1169",1671.4509,824.4137,"move",1571817828,88
"1170",1646.6959,798.68427,"move",1571817828,88
"1171",1611.8049,759.60284,"move",1571817828,88
"1172",1580.715,725.19946,"move",1571817829,88
"1173",1557.9092,698.69037,"move",1571817829,88
"1174",1528.5735,664.5794,"move",1571817829,88
"1175",1517.5604,651.81213,"move",1571817829,88
"1176",1507.9119,643.1382,"move",1571817829,88
"1177",1502.5515,642.3585,"move",1571817829,88
"1178",1502.5515,642.3585,"up",1571817829,88
"1179",1686.6548,586.61145,"down",1571817833,89
"1180",1691.2355,581.73846,"move",1571817833,89
"1181",1695.2313,581.73846,"move",1571817833,89
"1182",1690.943,590.31494,"move",1571817833,89
"1183",1650.9841,618.7732,"move",1571817833,89
"1184",1619.3094,635.92615,"move",1571817833,89
"1185",1576.6217,658.7318,"move",1571817833,89
"1186",1545.0444,680.75775,"move",1571817833,89
"1187",1542.8029,682.9993,"move",1571817833,89
"1188",1544.752,685.8257,"move",1571817833,89
"1189",1544.752,685.8257,"up",1571817833,89
"1190",1697.0831,834.54956,"down",1571817837,90
"1191",1697.0831,833.1851,"move",1571817837,90
"1192",1697.8628,822.8544,"move",1571817837,90
"1193",1701.8586,814.6677,"move",1571817837,90
"1194",1703.6129,795.663,"move",1571817837,90
"1195",1702.151,767.59454,"move",1571817837,90
"1196",1698.4475,721.59344,"move",1571817837,90
"1197",1695.4263,694.4996,"move",1571817837,90
"1198",1690.943,668.9651,"move",1571817837,90
"1199",1680.3198,632.2227,"move",1571817837,90
"1200",1673.5951,614.485,"move",1571817837,90
"1201",1669.989,608.5399,"move",1571817837,90
"1202",1665.9932,608.6374,"move",1571817837,90
"1203",1665.9932,608.6374,"up",1571817837,90
"1204",1506.255,885.6186,"down",1571817840,91
"1205",1506.255,885.6186,"move",1571817840,91
"1206",1506.45,881.4278,"move",1571817841,91
"1207",1534.0314,874.0208,"move",1571817841,91
"1208",1564.3416,869.8301,"move",1571817841,91
"1209",1607.9065,860.9612,"move",1571817841,91
"1210",1656.5394,849.85077,"move",1571817841,91
"1211",1670.4763,846.24475,"move",1571817841,91
"1212",1674.1798,848.2914,"move",1571817841,91
"1213",1674.1798,848.2914,"up",1571817841,91
"1214",1667.7474,857.5501,"down",1571817844,92
"1215",1665.8956,853.3593,"move",1571817844,92
"1216",1672.2306,847.41425,"move",1571817844,92
"1217",1675.9341,840.39716,"move",1571817844,92
"1218",1679.1503,812.91345,"move",1571817845,92
"1219",1681.0995,771.3955,"move",1571817845,92
"1220",1680.8071,731.43695,"move",1571817845,92
"1221",1678.5656,700.8345,"move",1571817845,92
"1222",1670.8661,655.6131,"move",1571817845,92
"1223",1666.0906,635.92615,"move",1571817845,92
"1224",1661.315,622.4767,"move",1571817845,92
"1225",1659.9506,622.3792,"move",1571817845,92
"1226",1659.9506,622.3792,"up",1571817845,92
"1227",1519.1199,873.72845,"down",1571817848,93
"1228",1516.4884,870.51227,"move",1571817848,93
"1229",1517.658,864.6647,"move",1571817848,93
"1230",1521.264,854.23645,"move",1571817848,93
"1231",1522.726,830.45624,"move",1571817848,93
"1232",1525.065,798.68427,"move",1571817848,93
"1233",1526.6243,768.4717,"move",1571817848,93
"1234",1528.5735,714.1865,"move",1571817848,93
"1235",1529.8406,685.04596,"move",1571817849,93
"1236",1529.3533,652.8842,"move",1571817849,93
"1237",1527.1116,633.29474,"move",1571817849,93
"1238",1524.4802,616.4342,"move",1571817849,93
"1239",1523.0183,612.04846,"move",1571817849,93
"1240",1523.0183,612.04846,"up",1571817849,93
"1241",1637.827,872.07166,"down",1571817852,94
"1242",1635.4879,868.46564,"move",1571817852,94
"1243",1635.4879,864.3723,"move",1571817852,94
"1244",1632.6615,853.26184,"move",1571817852,94
"1245",1599.2325,792.8367,"move",1571817852,94
"1246",1567.168,736.5048,"move",1571817852,94
"1247",1538.1246,685.2409,"move",1571817852,94
"1248",1514.6366,643.72296,"move",1571817852,94
"1249",1501.9668,622.7691,"move",1571817852,94
"1250",1498.2633,618.6758,"move",1571817853,94
"1251",1498.2633,618.6758,"up",1571817853,94
"1252",1534.7135,865.93164,"down",1571817857,95
"1253",1536.078,865.93164,"move",1571817857,95
"1254",1538.2222,861.9358,"move",1571817857,95
"1255",1541.7307,857.6476,"move",1571817857,95
"1256",1546.1165,848.7787,"move",1571817857,95
"1257",1547.7733,836.8886,"move",1571817857,95
"1258",1549.82,806.8709,"move",1571817857,95
"1259",1551.3794,770.4209,"move",1571817857,95
"1260",1554.2057,712.62714,"move",1571817857,95
"1261",1551.4768,660.58356,"move",1571817857,95
"1262",1545.5317,605.22626,"move",1571817857,95
"1263",1544.4596,602.39996,"move",1571817857,95
"1264",1544.4596,602.39996,"up",1571817857,95
"1265",1517.1707,872.364,"down",1571817861,96
"1266",1517.0731,871.9742,"move",1571817861,96
"1267",1515.6112,868.1732,"move",1571817861,96
"1268",1520.6792,864.3723,"move",1571817861,96
"1269",1534.0314,855.0161,"move",1571817861,96
"1270",1550.6971,835.71906,"move",1571817861,96
"1271",1568.6299,813.59564,"move",1571817861,96
"1272",1610.0507,760.1876,"move",1571817861,96
"1273",1635.3905,726.27155,"move",1571817861,96
"1274",1662.3871,687.9698,"move",1571817861,96
"1275",1677.396,663.21497,"move",1571817861,96
"1276",1691.0405,636.6084,"move",1571817861,96
"1277",1689.7736,636.5109,"move",1571817861,96
"1278",1689.7736,636.5109,"up",1571817861,96
